ID,AGENCY,PARK,PRD_DSCR,Site Type,CAT,FACILITY_ZIP,Longitude_Degree,Longitude Direction,Longitude Minute,Longitude Second,Latitude Degree,Latitude Direction,Latitude Minute,Latitude Second,Customer Zip Code,State,Country,START_DATE,END_DATE,ORD_DATE,Equipment 1,Equipment 1 QTY,# of People
1291109188,FWS,KENAI NATIONAL WILDLIFE REFUGE CABINS,Upper Ohmer Lake Cabin,CABIN NONELECTRIC,SITE,99669,,West,,,,North,,,99508,AK,USA,21-Nov-14,24-Nov-14,13-Jan-13,,,2
1291109188,FWS,KENAI NATIONAL WILDLIFE REFUGE CABINS,Upper Ohmer Lake Cabin,CABIN NONELECTRIC,SITE,99669,,West,,,,North,,,99508,AK,USA,21-Nov-14,24-Nov-14,13-Jan-13,,,2
1740105659,FWS,KENAI NATIONAL WILDLIFE REFUGE CABINS,Engineer Lake Cabin,CABIN NONELECTRIC,SITE,99669,,West,,,,North,,,60657,IL,USA,2-Oct-14,3-Oct-14,28-Aug-14,,,2
1740105659,FWS,KENAI NATIONAL WILDLIFE REFUGE CABINS,Engineer Lake Cabin,CABIN NONELECTRIC,SITE,99669,,West,,,,North,,,60657,IL,USA,2-Oct-14,3-Oct-14,28-Aug-14,,,2
1536597846,FWS,KENAI NATIONAL WILDLIFE REFUGE CABINS,Upper Ohmer Lake Cabin,CABIN NONELECTRIC,SITE,99669,,West,,,,North,,,99501,AL,USA,24-Oct-14,26-Oct-14,18-Jan-14,,,3
1536597846,FWS,KENAI NATIONAL WILDLIFE REFUGE CABINS,Upper Ohmer Lake Cabin,CABIN NONELECTRIC,SITE,99669,,West,,,,North,,,99501,AL,USA,24-Oct-14,26-Oct-14,18-Jan-14,,,3
1556626001,NPS,KETTLE FALLS LOCUST GROVE GROUP SITE,Group Site A,GROUP SHELTER ELECTRIC,SITE,99122,118,West,6,53.92,48,North,35,32.68,99114,WA,USA,2-Oct-14,5-Oct-14,19-Feb-14,Tent,12,25
1556626001,NPS,KETTLE FALLS LOCUST GROVE GROUP SITE,Group Site A,GROUP SHELTER ELECTRIC,SITE,99122,118,West,6,53.92,48,North,35,32.68,99114,WA,USA,2-Oct-14,5-Oct-14,19-Feb-14,Tent,12,25
1556626001,NPS,KETTLE FALLS LOCUST GROVE GROUP SITE,Group Site A,GROUP SHELTER ELECTRIC,SITE,99122,118,West,6,53.92,48,North,35,32.68,99114,WA,USA,2-Oct-14,5-Oct-14,19-Feb-14,Tent,12,25
1556626001,NPS,KETTLE FALLS LOCUST GROVE GROUP SITE,Group Site A,GROUP SHELTER ELECTRIC,SITE,99122,118,West,6,53.92,48,North,35,32.68,99114,WA,USA,2-Oct-14,5-Oct-14,19-Feb-14,Tent,12,25
1756828531,FWS,KENAI NATIONAL WILDLIFE REFUGE CABINS,Upper Ohmer Lake Cabin,CABIN NONELECTRIC,SITE,99669,,West,,,,North,,,99507,AK,USA,25-Dec-14,28-Dec-14,24-Sep-14,,,2
1756828531,FWS,KENAI NATIONAL WILDLIFE REFUGE CABINS,Upper Ohmer Lake Cabin,CABIN NONELECTRIC,SITE,99669,,West,,,,North,,,99507,AK,USA,25-Dec-14,28-Dec-14,24-Sep-14,,,2
1604240311,FWS,KENAI NATIONAL WILDLIFE REFUGE CABINS,Engineer Lake Cabin,CABIN NONELECTRIC,SITE,99669,,West,,,,North,,,99507,AK,USA,3-Oct-14,5-Oct-14,3-Apr-14,,,4
1604240311,FWS,KENAI NATIONAL WILDLIFE REFUGE CABINS,Engineer Lake Cabin,CABIN NONELECTRIC,SITE,99669,,West,,,,North,,,99507,AK,USA,3-Oct-14,5-Oct-14,3-Apr-14,,,4
1610629790,USFS,ADMIRALTY COVE CABIN,ADMIRALTY COVE (A13),CABIN NONELECTRIC,SITE,99801,134,West,33,42.71,58,North,10,34.96,99801,AK,USA,16-Oct-14,17-Oct-14,11-Apr-14,,,4
1610629790,USFS,ADMIRALTY COVE CABIN,ADMIRALTY COVE (A13),CABIN NONELECTRIC,SITE,99801,134,West,33,42.71,58,North,10,34.96,99801,AK,USA,16-Oct-14,17-Oct-14,11-Apr-14,,,4
1604756973,USFS,ITALIO RIVER CABIN,ITALIO RIVER (Y11),CABIN NONELECTRIC,SITE,99689,139,West,5,9,59,North,17,50,97031,OR,USA,4-Oct-14,9-Oct-14,4-Apr-14,,,6
1604756973,USFS,ITALIO RIVER CABIN,ITALIO RIVER (Y11),CABIN NONELECTRIC,SITE,99689,139,West,5,9,59,North,17,50,97031,OR,USA,4-Oct-14,9-Oct-14,4-Apr-14,,,6
1607016136,FWS,KENAI NATIONAL WILDLIFE REFUGE CABINS,Upper Ohmer Lake Cabin,CABIN NONELECTRIC,SITE,99669,,West,,,,North,,,99502,AK,USA,3-Oct-14,5-Oct-14,8-Apr-14,,,2
1607016136,FWS,KENAI NATIONAL WILDLIFE REFUGE CABINS,Upper Ohmer Lake Cabin,CABIN NONELECTRIC,SITE,99669,,West,,,,North,,,99502,AK,USA,3-Oct-14,5-Oct-14,8-Apr-14,,,2
1636341165,USFS,ADMIRALTY COVE CABIN,ADMIRALTY COVE (A13),CABIN NONELECTRIC,SITE,99801,134,West,33,42.71,58,North,10,34.96,99827,AK,USA,14-Nov-14,19-Nov-14,14-May-14,,,4
1636341165,USFS,ADMIRALTY COVE CABIN,ADMIRALTY COVE (A13),CABIN NONELECTRIC,SITE,99801,134,West,33,42.71,58,North,10,34.96,99827,AK,USA,14-Nov-14,19-Nov-14,14-May-14,,,4
1615244174,USFS,ALSEK RIVER CABIN,ALSEK RIVER (Y07),CABIN NONELECTRIC,SITE,99689,138,West,27,4,59,North,12,6,99801,AK,USA,17-Oct-14,27-Oct-14,17-Apr-14,,,4
1615244174,USFS,ALSEK RIVER CABIN,ALSEK RIVER (Y07),CABIN NONELECTRIC,SITE,99689,138,West,27,4,59,North,12,6,99801,AK,USA,17-Oct-14,27-Oct-14,17-Apr-14,,,4
1608208590,USFS,ADMIRALTY COVE CABIN,ADMIRALTY COVE (A13),CABIN NONELECTRIC,SITE,99801,134,West,33,42.71,58,North,10,34.96,99801,AK,USA,8-Oct-14,10-Oct-14,9-Apr-14,,,4
1608208590,USFS,ADMIRALTY COVE CABIN,ADMIRALTY COVE (A13),CABIN NONELECTRIC,SITE,99801,134,West,33,42.71,58,North,10,34.96,99801,AK,USA,8-Oct-14,10-Oct-14,9-Apr-14,,,4
1629056696,USFS,SPORTSMEN CABIN,SPORTSMEN,CABIN NONELECTRIC,SITE,99801,134,West,23,11.15,57,North,38,9.38,99801,AK,USA,1-Nov-14,8-Nov-14,6-May-14,,,2
1629056696,USFS,SPORTSMEN CABIN,SPORTSMEN,CABIN NONELECTRIC,SITE,99801,134,West,23,11.15,57,North,38,9.38,99801,AK,USA,1-Nov-14,8-Nov-14,6-May-14,,,2
1612199734,USFS,WENATCHEE GUARD STATION,WENA,CABIN NONELECTRIC,SITE,99347,117,West,22,30,46,North,7,30,98310,WA,USA,14-Oct-14,19-Oct-14,14-Apr-14,,,4
1612199734,USFS,WENATCHEE GUARD STATION,WENA,CABIN NONELECTRIC,SITE,99347,117,West,22,30,46,North,7,30,98310,WA,USA,14-Oct-14,19-Oct-14,14-Apr-14,,,4
1624336472,USFS,LITTLE SHAHEEN CABIN,LITTLE SHAHEEN (A08),CABIN NONELECTRIC,SITE,99801,134,West,16,40.26,57,North,42,4.98,99801,AK,USA,30-Oct-14,9-Nov-14,30-Apr-14,,,2
1624336472,USFS,LITTLE SHAHEEN CABIN,LITTLE SHAHEEN (A08),CABIN NONELECTRIC,SITE,99801,134,West,16,40.26,57,North,42,4.98,99801,AK,USA,30-Oct-14,9-Nov-14,30-Apr-14,,,2
1628502098,USFS,ADMIRALTY COVE CABIN,ADMIRALTY COVE (A13),CABIN NONELECTRIC,SITE,99801,134,West,33,42.71,58,North,10,34.96,99801,AK,USA,24-Oct-14,26-Oct-14,5-May-14,,,4
1628502098,USFS,ADMIRALTY COVE CABIN,ADMIRALTY COVE (A13),CABIN NONELECTRIC,SITE,99801,134,West,33,42.71,58,North,10,34.96,99801,AK,USA,24-Oct-14,26-Oct-14,5-May-14,,,4
1632000728,USFS,KATHLEEN LAKE CABIN,KATHLEEN LAKE (A01),CABIN NONELECTRIC,SITE,99801,134,West,39,12.08,57,North,54,16.17,998032773,AK,USA,1-Nov-14,10-Nov-14,9-May-14,,,5
1632000728,USFS,KATHLEEN LAKE CABIN,KATHLEEN LAKE (A01),CABIN NONELECTRIC,SITE,99801,134,West,39,12.08,57,North,54,16.17,998032773,AK,USA,1-Nov-14,10-Nov-14,9-May-14,,,5
1632683746,FWS,KENAI NATIONAL WILDLIFE REFUGE CABINS,Pincher Creek Cabin,CABIN NONELECTRIC,SITE,99669,,West,,,,North,,,99672,AK,USA,2-Oct-14,5-Oct-14,10-May-14,,,4
1632683746,FWS,KENAI NATIONAL WILDLIFE REFUGE CABINS,Pincher Creek Cabin,CABIN NONELECTRIC,SITE,99669,,West,,,,North,,,99672,AK,USA,2-Oct-14,5-Oct-14,10-May-14,,,4
1636151519,USFS,ADMIRALTY COVE CABIN,ADMIRALTY COVE (A13),CABIN NONELECTRIC,SITE,99801,134,West,33,42.71,58,North,10,34.96,99801,AK,USA,6-Nov-14,10-Nov-14,14-May-14,,,4
1636151519,USFS,ADMIRALTY COVE CABIN,ADMIRALTY COVE (A13),CABIN NONELECTRIC,SITE,99801,134,West,33,42.71,58,North,10,34.96,99801,AK,USA,6-Nov-14,10-Nov-14,14-May-14,,,4
1618675801,FWS,KENAI NATIONAL WILDLIFE REFUGE CABINS,Upper Ohmer Lake Cabin,CABIN NONELECTRIC,SITE,99669,,West,,,,North,,,99504,AK,USA,10-Oct-14,12-Oct-14,22-Apr-14,,,4
1618675801,FWS,KENAI NATIONAL WILDLIFE REFUGE CABINS,Upper Ohmer Lake Cabin,CABIN NONELECTRIC,SITE,99669,,West,,,,North,,,99504,AK,USA,10-Oct-14,12-Oct-14,22-Apr-14,,,4
1623572749,USFS,CLEARWATER BIG HOUSE,CLWB001,CABIN NONELECTRIC,SITE,99347,117,West,34,5,46,North,12,2,99347,WA,USA,24-Oct-14,3-Nov-14,29-Apr-14,,,10
1623572749,USFS,CLEARWATER BIG HOUSE,CLWB001,CABIN NONELECTRIC,SITE,99347,117,West,34,5,46,North,12,2,99347,WA,USA,24-Oct-14,3-Nov-14,29-Apr-14,,,10
1644471353,USFS,EAGLE CABIN,EAGLE (Y02N),CABIN NONELECTRIC,SITE,99689,139,West,30,44.15,59,North,33,22.55,98238,WA,USA,4-Nov-14,11-Nov-14,22-May-14,,,2
1644471353,USFS,EAGLE CABIN,EAGLE (Y02N),CABIN NONELECTRIC,SITE,99689,139,West,30,44.15,59,North,33,22.55,98238,WA,USA,4-Nov-14,11-Nov-14,22-May-14,,,2
1646616451,USFS,STANEY CREEK CABIN,STANEY CREEK (T13),CABIN NONELECTRIC,SITE,99921,133,West,9,9,55,North,49,14,99516,AK,USA,15-Nov-14,22-Nov-14,24-May-14,,,3
1646616451,USFS,STANEY CREEK CABIN,STANEY CREEK (T13),CABIN NONELECTRIC,SITE,99921,133,West,9,9,55,North,49,14,99516,AK,USA,15-Nov-14,22-Nov-14,24-May-14,,,3
1622699470,USFS,GODMAN GUARD STATION,GOGU001,CABIN NONELECTRIC,SITE,99347,117,West,45,10,46,North,7,30,99337,WA,USA,24-Oct-14,2-Nov-14,28-Apr-14,,,5
1622699470,USFS,GODMAN GUARD STATION,GOGU001,CABIN NONELECTRIC,SITE,99347,117,West,45,10,46,North,7,30,99337,WA,USA,24-Oct-14,2-Nov-14,28-Apr-14,,,5
1634823931,FWS,KENAI NATIONAL WILDLIFE REFUGE CABINS,Kelly Lake Cabin,CABIN NONELECTRIC,SITE,99669,,West,,,,North,,,99611,AK,USA,24-Oct-14,26-Oct-14,13-May-14,,,4
1634823931,FWS,KENAI NATIONAL WILDLIFE REFUGE CABINS,Kelly Lake Cabin,CABIN NONELECTRIC,SITE,99669,,West,,,,North,,,99611,AK,USA,24-Oct-14,26-Oct-14,13-May-14,,,4
1636724915,USFS,FRY MEADOWS GUARD STATION,FRYM001,CABIN NONELECTRIC,SITE,99362,117,West,49,54,45,North,47,12,97103,OR,USA,7-Nov-14,16-Nov-14,15-May-14,,,4
1636724915,USFS,FRY MEADOWS GUARD STATION,FRYM001,CABIN NONELECTRIC,SITE,99362,117,West,49,54,45,North,47,12,97103,OR,USA,7-Nov-14,16-Nov-14,15-May-14,,,4
1642349543,USFS,ADMIRALTY COVE CABIN,ADMIRALTY COVE (A13),CABIN NONELECTRIC,SITE,99801,134,West,33,42.71,58,North,10,34.96,99801,AK,USA,20-Nov-14,23-Nov-14,20-May-14,,,4
1642349543,USFS,ADMIRALTY COVE CABIN,ADMIRALTY COVE (A13),CABIN NONELECTRIC,SITE,99801,134,West,33,42.71,58,North,10,34.96,99801,AK,USA,20-Nov-14,23-Nov-14,20-May-14,,,4
1646734281,USFS,CONTROL LAKE CABIN,CONTROL LAKE (T02),CABIN NONELECTRIC,SITE,99921,132,West,51,49,55,North,41,40,98010,WA,USA,3-Oct-14,11-Oct-14,25-May-14,,,3
1646734281,USFS,CONTROL LAKE CABIN,CONTROL LAKE (T02),CABIN NONELECTRIC,SITE,99921,132,West,51,49,55,North,41,40,98010,WA,USA,3-Oct-14,11-Oct-14,25-May-14,,,3
1626611802,USFS,KATHLEEN LAKE CABIN,KATHLEEN LAKE (A01),CABIN NONELECTRIC,SITE,99801,134,West,39,12.08,57,North,54,16.17,99801,AK,USA,9-Oct-14,12-Oct-14,2-May-14,,,3
1626611802,USFS,KATHLEEN LAKE CABIN,KATHLEEN LAKE (A01),CABIN NONELECTRIC,SITE,99801,134,West,39,12.08,57,North,54,16.17,99801,AK,USA,9-Oct-14,12-Oct-14,2-May-14,,,3
1634476654,USFS,LAKE ALEXANDER CABIN,LAKE ALEXANDER (A09),CABIN NONELECTRIC,SITE,99801,134,West,11,6.74,57,North,40,12.33,99801,AK,USA,9-Nov-14,15-Nov-14,12-May-14,,,4
1634476654,USFS,LAKE ALEXANDER CABIN,LAKE ALEXANDER (A09),CABIN NONELECTRIC,SITE,99801,134,West,11,6.74,57,North,40,12.33,99801,AK,USA,9-Nov-14,15-Nov-14,12-May-14,,,4
1616395015,USFS,WENATCHEE GUARD STATION,WENA,CABIN NONELECTRIC,SITE,99347,117,West,22,30,46,North,7,30,99021,WA,USA,24-Oct-14,29-Oct-14,19-Apr-14,,,4
1616395015,USFS,WENATCHEE GUARD STATION,WENA,CABIN NONELECTRIC,SITE,99347,117,West,22,30,46,North,7,30,99021,WA,USA,24-Oct-14,29-Oct-14,19-Apr-14,,,4
1629053534,FWS,KENAI NATIONAL WILDLIFE REFUGE CABINS,Kelly Lake Cabin,CABIN NONELECTRIC,SITE,99669,,West,,,,North,,,99577,AK,USA,10-Oct-14,12-Oct-14,6-May-14,,,4
1629053534,FWS,KENAI NATIONAL WILDLIFE REFUGE CABINS,Kelly Lake Cabin,CABIN NONELECTRIC,SITE,99669,,West,,,,North,,,99577,AK,USA,10-Oct-14,12-Oct-14,6-May-14,,,4
1661123574,USFS,PYBUS BAY CABIN,PYBUS BAY (A12),CABIN NONELECTRIC,SITE,99801,134,West,9,47.08,57,North,20,57.32,99708,AK,USA,7-Nov-14,11-Nov-14,7-Jun-14,,,4
1661123574,USFS,PYBUS BAY CABIN,PYBUS BAY (A12),CABIN NONELECTRIC,SITE,99801,134,West,9,47.08,57,North,20,57.32,99708,AK,USA,7-Nov-14,11-Nov-14,7-Jun-14,,,4
1651049410,USFS,GODMAN GUARD STATION,GOGU001,CABIN NONELECTRIC,SITE,99347,117,West,45,10,46,North,7,30,98586,WA,USA,15-Oct-14,19-Oct-14,29-May-14,,,8
1651049410,USFS,GODMAN GUARD STATION,GOGU001,CABIN NONELECTRIC,SITE,99347,117,West,45,10,46,North,7,30,98586,WA,USA,15-Oct-14,19-Oct-14,29-May-14,,,8
1641137693,USFS,FLORENCE LAKE (EAST) CABIN,EAST FLORENCE LAKE (A03),CABIN NONELECTRIC,SITE,99801,134,West,34,46.76,57,North,48,46.89,99803,AK,USA,6-Nov-14,16-Nov-14,19-May-14,,,2
1641137693,USFS,FLORENCE LAKE (EAST) CABIN,EAST FLORENCE LAKE (A03),CABIN NONELECTRIC,SITE,99801,134,West,34,46.76,57,North,48,46.89,99803,AK,USA,6-Nov-14,16-Nov-14,19-May-14,,,2
1631467914,USFS,MIDDLE DANGEROUS RIVER CABIN,MIDDLE DANGEROUS RIVER (Y09),CABIN NONELECTRIC,SITE,99689,139,West,5,38,59,North,24,48,99689,AK,USA,6-Oct-14,14-Oct-14,8-May-14,,,2
1631467914,USFS,MIDDLE DANGEROUS RIVER CABIN,MIDDLE DANGEROUS RIVER (Y09),CABIN NONELECTRIC,SITE,99689,139,West,5,38,59,North,24,48,99689,AK,USA,6-Oct-14,14-Oct-14,8-May-14,,,2
1622993478,USFS,SUMMIT GUARD STATION BUNKHOUSE,SUGU001,CABIN NONELECTRIC,SITE,99362,118,West,12,32,45,North,28,35,97333,OR,USA,28-Oct-14,3-Nov-14,28-Apr-14,,,4
1622993478,USFS,SUMMIT GUARD STATION BUNKHOUSE,SUGU001,CABIN NONELECTRIC,SITE,99362,118,West,12,32,45,North,28,35,97333,OR,USA,28-Oct-14,3-Nov-14,28-Apr-14,,,4
1624012982,USFS,ALSEK RIVER CABIN,ALSEK RIVER (Y07),CABIN NONELECTRIC,SITE,99689,138,West,27,4,59,North,12,6,99801,AK,USA,27-Oct-14,2-Nov-14,29-Apr-14,,,4
1624012982,USFS,ALSEK RIVER CABIN,ALSEK RIVER (Y07),CABIN NONELECTRIC,SITE,99689,138,West,27,4,59,North,12,6,99801,AK,USA,27-Oct-14,2-Nov-14,29-Apr-14,,,4
1633089237,USFS,JIMS LAKE CABIN,JIM'S LAKE (A10),CABIN NONELECTRIC,SITE,99801,134,West,16,26.14,57,North,34,54.98,99801,AK,USA,3-Nov-14,10-Nov-14,11-May-14,,,2
1633089237,USFS,JIMS LAKE CABIN,JIM'S LAKE (A10),CABIN NONELECTRIC,SITE,99801,134,West,16,26.14,57,North,34,54.98,99801,AK,USA,3-Nov-14,10-Nov-14,11-May-14,,,2
1617215367,FWS,KENAI NATIONAL WILDLIFE REFUGE CABINS,Kelly Lake Cabin,CABIN NONELECTRIC,SITE,99669,,West,,,,North,,,99669,AK,USA,3-Oct-14,5-Oct-14,20-Apr-14,,,4
1617215367,FWS,KENAI NATIONAL WILDLIFE REFUGE CABINS,Kelly Lake Cabin,CABIN NONELECTRIC,SITE,99669,,West,,,,North,,,99669,AK,USA,3-Oct-14,5-Oct-14,20-Apr-14,,,4
1679688538,USFS,CLEARWATER BIG HOUSE,CLWB001,CABIN NONELECTRIC,SITE,99347,117,West,34,5,46,North,12,2,98249,WA,USA,3-Oct-14,5-Oct-14,25-Jun-14,,,2
1679688538,USFS,CLEARWATER BIG HOUSE,CLWB001,CABIN NONELECTRIC,SITE,99347,117,West,34,5,46,North,12,2,98249,WA,USA,3-Oct-14,5-Oct-14,25-Jun-14,,,2
1685527596,FWS,KENAI NATIONAL WILDLIFE REFUGE CABINS,Kelly Lake Cabin,CABIN NONELECTRIC,SITE,99669,,West,,,,North,,,99611,AK,USA,11-Dec-14,14-Dec-14,1-Jul-14,,,4
1685527596,FWS,KENAI NATIONAL WILDLIFE REFUGE CABINS,Kelly Lake Cabin,CABIN NONELECTRIC,SITE,99669,,West,,,,North,,,99611,AK,USA,11-Dec-14,14-Dec-14,1-Jul-14,,,4
1682316119,FWS,KENAI NATIONAL WILDLIFE REFUGE CABINS,Big Indian Creek Cabin,CABIN NONELECTRIC,SITE,99669,,West,,,,North,,,99669,AK,USA,3-Oct-14,6-Oct-14,27-Jun-14,,,2
1682316119,FWS,KENAI NATIONAL WILDLIFE REFUGE CABINS,Big Indian Creek Cabin,CABIN NONELECTRIC,SITE,99669,,West,,,,North,,,99669,AK,USA,3-Oct-14,6-Oct-14,27-Jun-14,,,2
1687353737,FWS,KENAI NATIONAL WILDLIFE REFUGE CABINS,Doroshin Bay Cabin,CABIN NONELECTRIC,SITE,99669,,West,,,,North,,,99517,AK,USA,3-Oct-14,5-Oct-14,3-Jul-14,,,2
1687353737,FWS,KENAI NATIONAL WILDLIFE REFUGE CABINS,Doroshin Bay Cabin,CABIN NONELECTRIC,SITE,99669,,West,,,,North,,,99517,AK,USA,3-Oct-14,5-Oct-14,3-Jul-14,,,2
1690185481,FWS,KENAI NATIONAL WILDLIFE REFUGE CABINS,Kelly Lake Cabin,CABIN NONELECTRIC,SITE,99669,,West,,,,North,,,99611,AK,USA,28-Dec-14,30-Dec-14,6-Jul-14,,,4
1690185481,FWS,KENAI NATIONAL WILDLIFE REFUGE CABINS,Kelly Lake Cabin,CABIN NONELECTRIC,SITE,99669,,West,,,,North,,,99611,AK,USA,28-Dec-14,30-Dec-14,6-Jul-14,,,4
1661285557,USFS,ADMIRALTY COVE CABIN,ADMIRALTY COVE (A13),CABIN NONELECTRIC,SITE,99801,134,West,33,42.71,58,North,10,34.96,98513,WA,USA,2-Nov-14,6-Nov-14,8-Jun-14,,,4
1661285557,USFS,ADMIRALTY COVE CABIN,ADMIRALTY COVE (A13),CABIN NONELECTRIC,SITE,99801,134,West,33,42.71,58,North,10,34.96,98513,WA,USA,2-Nov-14,6-Nov-14,8-Jun-14,,,4
1688101739,FWS,KENAI NATIONAL WILDLIFE REFUGE CABINS,Upper Ohmer Lake Cabin,CABIN NONELECTRIC,SITE,99669,,West,,,,North,,,99669,AK,USA,31-Dec-14,1-Jan-15,3-Jul-14,,,4
1688101739,FWS,KENAI NATIONAL WILDLIFE REFUGE CABINS,Upper Ohmer Lake Cabin,CABIN NONELECTRIC,SITE,99669,,West,,,,North,,,99669,AK,USA,31-Dec-14,1-Jan-15,3-Jul-14,,,4
1659398066,USFS,TANIS MESA SOUTH CABIN,TANIS MESA SOUTH (Y06S),CABIN NONELECTRIC,SITE,99689,138,West,30,10,59,North,14,54,99803,AK,USA,21-Oct-14,28-Oct-14,5-Jun-14,,,2
1659398066,USFS,TANIS MESA SOUTH CABIN,TANIS MESA SOUTH (Y06S),CABIN NONELECTRIC,SITE,99689,138,West,30,10,59,North,14,54,99803,AK,USA,21-Oct-14,28-Oct-14,5-Jun-14,,,2
1667185631,USFS,WENATCHEE GUARD STATION,WENA,CABIN NONELECTRIC,SITE,99347,117,West,22,30,46,North,7,30,99141,WA,USA,3-Oct-14,13-Oct-14,12-Jun-14,,,4
1667185631,USFS,WENATCHEE GUARD STATION,WENA,CABIN NONELECTRIC,SITE,99347,117,West,22,30,46,North,7,30,99141,WA,USA,3-Oct-14,13-Oct-14,12-Jun-14,,,4
1659388858,USFS,TANIS MESA NORTH CABIN,TANIS MESA NORTH (Y06N),CABIN NONELECTRIC,SITE,99689,138,West,30,10,59,North,14,54,99821,AK,USA,21-Oct-14,28-Oct-14,5-Jun-14,,,2
1659388858,USFS,TANIS MESA NORTH CABIN,TANIS MESA NORTH (Y06N),CABIN NONELECTRIC,SITE,99689,138,West,30,10,59,North,14,54,99821,AK,USA,21-Oct-14,28-Oct-14,5-Jun-14,,,2
1662155883,FWS,KENAI NATIONAL WILDLIFE REFUGE CABINS,Engineer Lake Cabin,CABIN NONELECTRIC,SITE,99669,,West,,,,North,,,99669,AK,USA,27-Nov-14,29-Nov-14,8-Jun-14,,,4
1662155883,FWS,KENAI NATIONAL WILDLIFE REFUGE CABINS,Engineer Lake Cabin,CABIN NONELECTRIC,SITE,99669,,West,,,,North,,,99669,AK,USA,27-Nov-14,29-Nov-14,8-Jun-14,,,4
1652345842,USFS,CHURCH BIGHT CABIN,CHURCH BIGHT (A11),CABIN NONELECTRIC,SITE,99801,133,West,55,42.69,57,North,25,32.53,99801,AK,USA,26-Nov-14,30-Nov-14,30-May-14,,,4
1652345842,USFS,CHURCH BIGHT CABIN,CHURCH BIGHT (A11),CABIN NONELECTRIC,SITE,99801,133,West,55,42.69,57,North,25,32.53,99801,AK,USA,26-Nov-14,30-Nov-14,30-May-14,,,4
1651517474,FWS,KENAI NATIONAL WILDLIFE REFUGE CABINS,Kelly Lake Cabin,CABIN NONELECTRIC,SITE,99669,,West,,,,North,,,99610,AK,USA,28-Nov-14,29-Nov-14,29-May-14,,,4
1651517474,FWS,KENAI NATIONAL WILDLIFE REFUGE CABINS,Kelly Lake Cabin,CABIN NONELECTRIC,SITE,99669,,West,,,,North,,,99610,AK,USA,28-Nov-14,29-Nov-14,29-May-14,,,4
1653209253,USFS,EAGLE CABIN,EAGLE (Y02N),CABIN NONELECTRIC,SITE,99689,139,West,30,44.15,59,North,33,22.55,89521,NV,USA,11-Nov-14,21-Nov-14,30-May-14,,,2
1653209253,USFS,EAGLE CABIN,EAGLE (Y02N),CABIN NONELECTRIC,SITE,99689,139,West,30,44.15,59,North,33,22.55,89521,NV,USA,11-Nov-14,21-Nov-14,30-May-14,,,2
1687078356,USFS,ADMIRALTY COVE CABIN,ADMIRALTY COVE (A13),CABIN NONELECTRIC,SITE,99801,134,West,33,42.71,58,North,10,34.96,99801,AK,USA,3-Oct-14,4-Oct-14,2-Jul-14,,,4
1687078356,USFS,ADMIRALTY COVE CABIN,ADMIRALTY COVE (A13),CABIN NONELECTRIC,SITE,99801,134,West,33,42.71,58,North,10,34.96,99801,AK,USA,3-Oct-14,4-Oct-14,2-Jul-14,,,4
1690192210,FWS,KENAI NATIONAL WILDLIFE REFUGE CABINS,Upper Ohmer Lake Cabin,CABIN NONELECTRIC,SITE,99669,,West,,,,North,,,99587,AK,USA,17-Oct-14,19-Oct-14,6-Jul-14,,,4
1690192210,FWS,KENAI NATIONAL WILDLIFE REFUGE CABINS,Upper Ohmer Lake Cabin,CABIN NONELECTRIC,SITE,99669,,West,,,,North,,,99587,AK,USA,17-Oct-14,19-Oct-14,6-Jul-14,,,4
1687068741,USFS,ADMIRALTY COVE CABIN,ADMIRALTY COVE (A13),CABIN NONELECTRIC,SITE,99801,134,West,33,42.71,58,North,10,34.96,99801,AK,USA,4-Oct-14,5-Oct-14,2-Jul-14,,,4
1687068741,USFS,ADMIRALTY COVE CABIN,ADMIRALTY COVE (A13),CABIN NONELECTRIC,SITE,99801,134,West,33,42.71,58,North,10,34.96,99801,AK,USA,4-Oct-14,5-Oct-14,2-Jul-14,,,4
1688654747,FWS,KENAI NATIONAL WILDLIFE REFUGE CABINS,Kelly Lake Cabin,CABIN NONELECTRIC,SITE,99669,,West,,,,North,,,99603,AK,USA,30-Dec-14,1-Jan-15,4-Jul-14,,,4
1688654747,FWS,KENAI NATIONAL WILDLIFE REFUGE CABINS,Kelly Lake Cabin,CABIN NONELECTRIC,SITE,99669,,West,,,,North,,,99603,AK,USA,30-Dec-14,1-Jan-15,4-Jul-14,,,4
1647095228,FWS,KENAI NATIONAL WILDLIFE REFUGE CABINS,Kelly Lake Cabin,CABIN NONELECTRIC,SITE,99669,,West,,,,North,,,99517,AK,USA,17-Oct-14,19-Oct-14,25-May-14,,,4
1647095228,FWS,KENAI NATIONAL WILDLIFE REFUGE CABINS,Kelly Lake Cabin,CABIN NONELECTRIC,SITE,99669,,West,,,,North,,,99517,AK,USA,17-Oct-14,19-Oct-14,25-May-14,,,4
1679315895,USFS,WENATCHEE GUARD STATION,WENA,CABIN NONELECTRIC,SITE,99347,117,West,22,30,46,North,7,30,99185,WA,USA,19-Oct-14,24-Oct-14,24-Jun-14,,,4
1679315895,USFS,WENATCHEE GUARD STATION,WENA,CABIN NONELECTRIC,SITE,99347,117,West,22,30,46,North,7,30,99185,WA,USA,19-Oct-14,24-Oct-14,24-Jun-14,,,4
1708939425,USFS,EAGLE CABIN,EAGLE (Y02N),CABIN NONELECTRIC,SITE,99689,139,West,30,44.15,59,North,33,22.55,99507,AK,USA,21-Nov-14,23-Nov-14,24-Jul-14,,,3
1708939425,USFS,EAGLE CABIN,EAGLE (Y02N),CABIN NONELECTRIC,SITE,99689,139,West,30,44.15,59,North,33,22.55,99507,AK,USA,21-Nov-14,23-Nov-14,24-Jul-14,,,3
1709181503,FWS,KENAI NATIONAL WILDLIFE REFUGE CABINS,Upper Ohmer Lake Cabin,CABIN NONELECTRIC,SITE,99669,,West,,,,North,,,99610,AK,USA,7-Nov-14,9-Nov-14,24-Jul-14,,,4
1709181503,FWS,KENAI NATIONAL WILDLIFE REFUGE CABINS,Upper Ohmer Lake Cabin,CABIN NONELECTRIC,SITE,99669,,West,,,,North,,,99610,AK,USA,7-Nov-14,9-Nov-14,24-Jul-14,,,4
1704049626,FWS,KENAI NATIONAL WILDLIFE REFUGE CABINS,Pincher Creek Cabin,CABIN NONELECTRIC,SITE,99669,,West,,,,North,,,99507,AK,USA,5-Oct-14,8-Oct-14,19-Jul-14,,,3
1704049626,FWS,KENAI NATIONAL WILDLIFE REFUGE CABINS,Pincher Creek Cabin,CABIN NONELECTRIC,SITE,99669,,West,,,,North,,,99507,AK,USA,5-Oct-14,8-Oct-14,19-Jul-14,,,3
1706462609,FWS,KENAI NATIONAL WILDLIFE REFUGE CABINS,Upper Ohmer Lake Cabin,CABIN NONELECTRIC,SITE,99669,,West,,,,North,,,99611,AK,USA,27-Nov-14,30-Nov-14,22-Jul-14,,,2
1706462609,FWS,KENAI NATIONAL WILDLIFE REFUGE CABINS,Upper Ohmer Lake Cabin,CABIN NONELECTRIC,SITE,99669,,West,,,,North,,,99611,AK,USA,27-Nov-14,30-Nov-14,22-Jul-14,,,2
1711498693,USFS,FRY MEADOWS GUARD STATION,FRYM001,CABIN NONELECTRIC,SITE,99362,117,West,49,54,45,North,47,12,97067,OR,USA,28-Oct-14,2-Nov-14,27-Jul-14,,,4
1711498693,USFS,FRY MEADOWS GUARD STATION,FRYM001,CABIN NONELECTRIC,SITE,99362,117,West,49,54,45,North,47,12,97067,OR,USA,28-Oct-14,2-Nov-14,27-Jul-14,,,4
1700570002,USFS,KATHLEEN LAKE CABIN,KATHLEEN LAKE (A01),CABIN NONELECTRIC,SITE,99801,134,West,39,12.08,57,North,54,16.17,99801,AK,USA,2-Oct-14,8-Oct-14,16-Jul-14,,,4
1700570002,USFS,KATHLEEN LAKE CABIN,KATHLEEN LAKE (A01),CABIN NONELECTRIC,SITE,99801,134,West,39,12.08,57,North,54,16.17,99801,AK,USA,2-Oct-14,8-Oct-14,16-Jul-14,,,4
1709457511,USFS,CLEARWATER LOOKOUT CABIN,CLWL001,CABIN NONELECTRIC,SITE,99347,117,West,37,30,46,North,15,0,97217,OR,USA,26-Dec-14,28-Dec-14,25-Jul-14,,,2
1709457511,USFS,CLEARWATER LOOKOUT CABIN,CLWL001,CABIN NONELECTRIC,SITE,99347,117,West,37,30,46,North,15,0,97217,OR,USA,26-Dec-14,28-Dec-14,25-Jul-14,,,2
1768631952,USFS,SUMMIT GUARD STATION BUNKHOUSE,SUGU001,CABIN NONELECTRIC,SITE,99362,118,West,12,32,45,North,28,35,99362,WA,USA,25-Oct-14,26-Oct-14,18-Oct-14,,,4
1768631952,USFS,SUMMIT GUARD STATION BUNKHOUSE,SUGU001,CABIN NONELECTRIC,SITE,99362,118,West,12,32,45,North,28,35,99362,WA,USA,25-Oct-14,26-Oct-14,18-Oct-14,,,4
1767992811,USFS,SUMMIT GUARD STATION BUNKHOUSE,SUGU001,CABIN NONELECTRIC,SITE,99362,118,West,12,32,45,North,28,35,98664,WA,USA,7-Nov-14,16-Nov-14,17-Oct-14,,,4
1767992811,USFS,SUMMIT GUARD STATION BUNKHOUSE,SUGU001,CABIN NONELECTRIC,SITE,99362,118,West,12,32,45,North,28,35,98664,WA,USA,7-Nov-14,16-Nov-14,17-Oct-14,,,4
1699422232,FWS,KENAI NATIONAL WILDLIFE REFUGE CABINS,Dolly Varden Lake Cabin,CABIN NONELECTRIC,SITE,99669,,West,,,,North,,,99508,AK,USA,22-Oct-14,26-Oct-14,15-Jul-14,,,4
1699422232,FWS,KENAI NATIONAL WILDLIFE REFUGE CABINS,Dolly Varden Lake Cabin,CABIN NONELECTRIC,SITE,99669,,West,,,,North,,,99508,AK,USA,22-Oct-14,26-Oct-14,15-Jul-14,,,4
1771996373,USFS,FLORENCE LAKE (EAST) CABIN,EAST FLORENCE LAKE (A03),CABIN NONELECTRIC,SITE,99801,134,West,34,46.76,57,North,48,46.89,99803,AK,USA,24-Oct-14,26-Oct-14,22-Oct-14,,,2
1771996373,USFS,FLORENCE LAKE (EAST) CABIN,EAST FLORENCE LAKE (A03),CABIN NONELECTRIC,SITE,99801,134,West,34,46.76,57,North,48,46.89,99803,AK,USA,24-Oct-14,26-Oct-14,22-Oct-14,,,2
1690858715,FWS,KENAI NATIONAL WILDLIFE REFUGE CABINS,Upper Ohmer Lake Cabin,CABIN NONELECTRIC,SITE,99669,,West,,,,North,,,99611,AK,USA,1-Nov-14,2-Nov-14,7-Jul-14,,,4
1690858715,FWS,KENAI NATIONAL WILDLIFE REFUGE CABINS,Upper Ohmer Lake Cabin,CABIN NONELECTRIC,SITE,99669,,West,,,,North,,,99611,AK,USA,1-Nov-14,2-Nov-14,7-Jul-14,,,4
1758896325,USFS,ADMIRALTY COVE CABIN,ADMIRALTY COVE (A13),CABIN NONELECTRIC,SITE,99801,134,West,33,42.71,58,North,10,34.96,99801,AK,USA,23-Nov-14,30-Nov-14,29-Sep-14,,,4
1758896325,USFS,ADMIRALTY COVE CABIN,ADMIRALTY COVE (A13),CABIN NONELECTRIC,SITE,99801,134,West,33,42.71,58,North,10,34.96,99801,AK,USA,23-Nov-14,30-Nov-14,29-Sep-14,,,4
1738310750,FWS,KENAI NATIONAL WILDLIFE REFUGE CABINS,Kelly Lake Cabin,CABIN NONELECTRIC,SITE,99669,,West,,,,North,,,99669,AK,USA,7-Nov-14,9-Nov-14,26-Aug-14,,,3
1738310750,FWS,KENAI NATIONAL WILDLIFE REFUGE CABINS,Kelly Lake Cabin,CABIN NONELECTRIC,SITE,99669,,West,,,,North,,,99669,AK,USA,7-Nov-14,9-Nov-14,26-Aug-14,,,3
1731835242,USFS,EAGLE CABIN,EAGLE (Y02N),CABIN NONELECTRIC,SITE,99689,139,West,30,44.15,59,North,33,22.55,99654,AK,USA,28-Oct-14,2-Nov-14,18-Aug-14,,,4
1731835242,USFS,EAGLE CABIN,EAGLE (Y02N),CABIN NONELECTRIC,SITE,99689,139,West,30,44.15,59,North,33,22.55,99654,AK,USA,28-Oct-14,2-Nov-14,18-Aug-14,,,4
1760171185,USFS,YOUNG LAKE (SOUTH) CABIN,SOUTH YOUNG LAKE (A15),CABIN NONELECTRIC,SITE,99801,134,West,28,21,58,North,7,19.87,99801,AK,USA,24-Oct-14,26-Oct-14,1-Oct-14,,,2
1760171185,USFS,YOUNG LAKE (SOUTH) CABIN,SOUTH YOUNG LAKE (A15),CABIN NONELECTRIC,SITE,99801,134,West,28,21,58,North,7,19.87,99801,AK,USA,24-Oct-14,26-Oct-14,1-Oct-14,,,2
1731674656,USFS,ALSEK RIVER CABIN,ALSEK RIVER (Y07),CABIN NONELECTRIC,SITE,99689,138,West,27,4,59,North,12,6,99716,AK,USA,4-Oct-14,7-Oct-14,18-Aug-14,,,4
1731674656,USFS,ALSEK RIVER CABIN,ALSEK RIVER (Y07),CABIN NONELECTRIC,SITE,99689,138,West,27,4,59,North,12,6,99716,AK,USA,4-Oct-14,7-Oct-14,18-Aug-14,,,4
1743053398,FWS,KENAI NATIONAL WILDLIFE REFUGE CABINS,Dolly Varden Lake Cabin,CABIN NONELECTRIC,SITE,99669,,West,,,,North,,,99669,AK,USA,8-Oct-14,10-Oct-14,2-Sep-14,,,2
1743053398,FWS,KENAI NATIONAL WILDLIFE REFUGE CABINS,Dolly Varden Lake Cabin,CABIN NONELECTRIC,SITE,99669,,West,,,,North,,,99669,AK,USA,8-Oct-14,10-Oct-14,2-Sep-14,,,2
1750377441,FWS,KENAI NATIONAL WILDLIFE REFUGE CABINS,Engineer Lake Cabin,CABIN NONELECTRIC,SITE,99669,,West,,,,North,,,99672,AK,USA,17-Oct-14,18-Oct-14,13-Sep-14,,,4
1750377441,FWS,KENAI NATIONAL WILDLIFE REFUGE CABINS,Engineer Lake Cabin,CABIN NONELECTRIC,SITE,99669,,West,,,,North,,,99672,AK,USA,17-Oct-14,18-Oct-14,13-Sep-14,,,4
1760847478,USFS,ITALIO RIVER CABIN,ITALIO RIVER (Y11),CABIN NONELECTRIC,SITE,99689,139,West,5,9,59,North,17,50,99689,AK,USA,9-Oct-14,15-Oct-14,2-Oct-14,,,3
1760847478,USFS,ITALIO RIVER CABIN,ITALIO RIVER (Y11),CABIN NONELECTRIC,SITE,99689,139,West,5,9,59,North,17,50,99689,AK,USA,9-Oct-14,15-Oct-14,2-Oct-14,,,3
1749571431,USFS,MIDDLE DANGEROUS RIVER CABIN,MIDDLE DANGEROUS RIVER (Y09),CABIN NONELECTRIC,SITE,99689,139,West,5,38,59,North,24,48,99803,AK,USA,21-Oct-14,25-Oct-14,11-Sep-14,,,4
1749571431,USFS,MIDDLE DANGEROUS RIVER CABIN,MIDDLE DANGEROUS RIVER (Y09),CABIN NONELECTRIC,SITE,99689,139,West,5,38,59,North,24,48,99803,AK,USA,21-Oct-14,25-Oct-14,11-Sep-14,,,4
1757937174,USFS,WENATCHEE GUARD STATION,WENA,CABIN NONELECTRIC,SITE,99347,117,West,22,30,46,North,7,30,5443,VT,USA,28-Nov-14,30-Nov-14,27-Sep-14,,,4
1757937174,USFS,WENATCHEE GUARD STATION,WENA,CABIN NONELECTRIC,SITE,99347,117,West,22,30,46,North,7,30,5443,VT,USA,28-Nov-14,30-Nov-14,27-Sep-14,,,4
1764466288,USFS,STANEY CREEK CABIN,STANEY CREEK (T13),CABIN NONELECTRIC,SITE,99921,133,West,9,9,55,North,49,14,99921,AK,USA,11-Oct-14,12-Oct-14,10-Oct-14,,,6
1764466288,USFS,STANEY CREEK CABIN,STANEY CREEK (T13),CABIN NONELECTRIC,SITE,99921,133,West,9,9,55,North,49,14,99921,AK,USA,11-Oct-14,12-Oct-14,10-Oct-14,,,6
1722787817,FWS,KENAI NATIONAL WILDLIFE REFUGE CABINS,Upper Ohmer Lake Cabin,CABIN NONELECTRIC,SITE,99669,,West,,,,North,,,99664,AK,USA,14-Nov-14,16-Nov-14,8-Aug-14,,,4
1722787817,FWS,KENAI NATIONAL WILDLIFE REFUGE CABINS,Upper Ohmer Lake Cabin,CABIN NONELECTRIC,SITE,99669,,West,,,,North,,,99664,AK,USA,14-Nov-14,16-Nov-14,8-Aug-14,,,4
1748534061,FWS,KENAI NATIONAL WILDLIFE REFUGE CABINS,Kelly Lake Cabin,CABIN NONELECTRIC,SITE,99669,,West,,,,North,,,99669,AK,USA,25-Dec-14,26-Dec-14,9-Sep-14,,,4
1748534061,FWS,KENAI NATIONAL WILDLIFE REFUGE CABINS,Kelly Lake Cabin,CABIN NONELECTRIC,SITE,99669,,West,,,,North,,,99669,AK,USA,25-Dec-14,26-Dec-14,9-Sep-14,,,4
1750800422,USFS,CLEARWATER LOOKOUT CABIN,CLWL001,CABIN NONELECTRIC,SITE,99347,117,West,37,30,46,North,15,0,99352,WA,USA,3-Oct-14,5-Oct-14,13-Sep-14,,,2
1750800422,USFS,CLEARWATER LOOKOUT CABIN,CLWL001,CABIN NONELECTRIC,SITE,99347,117,West,37,30,46,North,15,0,99352,WA,USA,3-Oct-14,5-Oct-14,13-Sep-14,,,2
1737106286,USFS,LAKE ALEXANDER CABIN,LAKE ALEXANDER (A09),CABIN NONELECTRIC,SITE,99801,134,West,11,6.74,57,North,40,12.33,99801,AK,USA,31-Oct-14,7-Nov-14,24-Aug-14,,,2
1737106286,USFS,LAKE ALEXANDER CABIN,LAKE ALEXANDER (A09),CABIN NONELECTRIC,SITE,99801,134,West,11,6.74,57,North,40,12.33,99801,AK,USA,31-Oct-14,7-Nov-14,24-Aug-14,,,2
1764926501,FWS,KENAI NATIONAL WILDLIFE REFUGE CABINS,Kelly Lake Cabin,CABIN NONELECTRIC,SITE,99669,,West,,,,North,,,99664,AK,USA,13-Oct-14,15-Oct-14,11-Oct-14,,,3
1764926501,FWS,KENAI NATIONAL WILDLIFE REFUGE CABINS,Kelly Lake Cabin,CABIN NONELECTRIC,SITE,99669,,West,,,,North,,,99664,AK,USA,13-Oct-14,15-Oct-14,11-Oct-14,,,3
1759845587,USFS,YOUNG LAKE (SOUTH) CABIN,SOUTH YOUNG LAKE (A15),CABIN NONELECTRIC,SITE,99801,134,West,28,21,58,North,7,19.87,99801,AK,USA,10-Nov-14,15-Nov-14,30-Sep-14,,,2
1759845587,USFS,YOUNG LAKE (SOUTH) CABIN,SOUTH YOUNG LAKE (A15),CABIN NONELECTRIC,SITE,99801,134,West,28,21,58,North,7,19.87,99801,AK,USA,10-Nov-14,15-Nov-14,30-Sep-14,,,2
1762550924,USFS,YOUNG LAKE (NORTH) CABIN,NORTH YOUNG LAKE (A14),CABIN NONELECTRIC,SITE,99801,134,West,29,39.86,58,North,8,4.01,99801,AK,USA,16-Oct-14,19-Oct-14,6-Oct-14,,,2
1762550924,USFS,YOUNG LAKE (NORTH) CABIN,NORTH YOUNG LAKE (A14),CABIN NONELECTRIC,SITE,99801,134,West,29,39.86,58,North,8,4.01,99801,AK,USA,16-Oct-14,19-Oct-14,6-Oct-14,,,2
1758292235,USFS,SUMMIT GUARD STATION BUNKHOUSE,SUGU001,CABIN NONELECTRIC,SITE,99362,118,West,12,32,45,North,28,35,97124,OR,USA,10-Oct-14,12-Oct-14,27-Sep-14,,,4
1758292235,USFS,SUMMIT GUARD STATION BUNKHOUSE,SUGU001,CABIN NONELECTRIC,SITE,99362,118,West,12,32,45,North,28,35,97124,OR,USA,10-Oct-14,12-Oct-14,27-Sep-14,,,4
1759845007,USFS,GODMAN GUARD STATION,GOGU001,CABIN NONELECTRIC,SITE,99347,117,West,45,10,46,North,7,30,98930,WA,USA,11-Oct-14,13-Oct-14,30-Sep-14,,,4
1759845007,USFS,GODMAN GUARD STATION,GOGU001,CABIN NONELECTRIC,SITE,99347,117,West,45,10,46,North,7,30,98930,WA,USA,11-Oct-14,13-Oct-14,30-Sep-14,,,4
1741697499,FWS,KENAI NATIONAL WILDLIFE REFUGE CABINS,Doroshin Bay Cabin,CABIN NONELECTRIC,SITE,99669,,West,,,,North,,,58601,ND,USA,14-Oct-14,19-Oct-14,30-Aug-14,,,2
1741697499,FWS,KENAI NATIONAL WILDLIFE REFUGE CABINS,Doroshin Bay Cabin,CABIN NONELECTRIC,SITE,99669,,West,,,,North,,,58601,ND,USA,14-Oct-14,19-Oct-14,30-Aug-14,,,2
1763369633,USFS,FRY MEADOWS GUARD STATION,FRYM001,CABIN NONELECTRIC,SITE,99362,117,West,49,54,45,North,47,12,97007,OR,USA,12-Oct-14,14-Oct-14,8-Oct-14,,,2
1763369633,USFS,FRY MEADOWS GUARD STATION,FRYM001,CABIN NONELECTRIC,SITE,99362,117,West,49,54,45,North,47,12,97007,OR,USA,12-Oct-14,14-Oct-14,8-Oct-14,,,2
1728481318,FWS,KENAI NATIONAL WILDLIFE REFUGE CABINS,Upper Ohmer Lake Cabin,CABIN NONELECTRIC,SITE,99669,,West,,,,North,,,99587,AK,USA,6-Dec-14,7-Dec-14,14-Aug-14,,,2
1728481318,FWS,KENAI NATIONAL WILDLIFE REFUGE CABINS,Upper Ohmer Lake Cabin,CABIN NONELECTRIC,SITE,99669,,West,,,,North,,,99587,AK,USA,6-Dec-14,7-Dec-14,14-Aug-14,,,2
1738638465,USFS,STANEY CREEK CABIN,STANEY CREEK (T13),CABIN NONELECTRIC,SITE,99921,133,West,9,9,55,North,49,14,99928,AK,USA,7-Nov-14,14-Nov-14,26-Aug-14,,,1
1738638465,USFS,STANEY CREEK CABIN,STANEY CREEK (T13),CABIN NONELECTRIC,SITE,99921,133,West,9,9,55,North,49,14,99928,AK,USA,7-Nov-14,14-Nov-14,26-Aug-14,,,1
1723404370,FWS,KENAI NATIONAL WILDLIFE REFUGE CABINS,Dolly Varden Lake Cabin,CABIN NONELECTRIC,SITE,99669,,West,,,,North,,,99669,AK,USA,10-Oct-14,12-Oct-14,8-Aug-14,,,3
1723404370,FWS,KENAI NATIONAL WILDLIFE REFUGE CABINS,Dolly Varden Lake Cabin,CABIN NONELECTRIC,SITE,99669,,West,,,,North,,,99669,AK,USA,10-Oct-14,12-Oct-14,8-Aug-14,,,3
1728465812,FWS,KENAI NATIONAL WILDLIFE REFUGE CABINS,Dolly Varden Lake Cabin,CABIN NONELECTRIC,SITE,99669,,West,,,,North,,,99504,AK,USA,3-Oct-14,5-Oct-14,14-Aug-14,,,2
1728465812,FWS,KENAI NATIONAL WILDLIFE REFUGE CABINS,Dolly Varden Lake Cabin,CABIN NONELECTRIC,SITE,99669,,West,,,,North,,,99504,AK,USA,3-Oct-14,5-Oct-14,14-Aug-14,,,2
1743407554,NPS,HUNTERS GROUP SITE,Group Site C,GROUP STANDARD NONELECTRIC,SITE,99122,118,West,18,42.85,48,North,7,28.65,99006,WA,USA,10-Oct-14,12-Oct-14,2-Sep-14,,,20
1743407554,NPS,HUNTERS GROUP SITE,Group Site C,GROUP STANDARD NONELECTRIC,SITE,99122,118,West,18,42.85,48,North,7,28.65,99006,WA,USA,10-Oct-14,12-Oct-14,2-Sep-14,,,20
1743407554,NPS,HUNTERS GROUP SITE,Group Site C,GROUP STANDARD NONELECTRIC,SITE,99122,118,West,18,42.85,48,North,7,28.65,99006,WA,USA,10-Oct-14,12-Oct-14,2-Sep-14,,,20
1743407554,NPS,HUNTERS GROUP SITE,Group Site C,GROUP STANDARD NONELECTRIC,SITE,99122,118,West,18,42.85,48,North,7,28.65,99006,WA,USA,10-Oct-14,12-Oct-14,2-Sep-14,,,20
1743407554,NPS,HUNTERS GROUP SITE,Group Site C,GROUP STANDARD NONELECTRIC,SITE,99122,118,West,18,42.85,48,North,7,28.65,99006,WA,USA,10-Oct-14,12-Oct-14,2-Sep-14,,,20
1776250027,USFS,WENATCHEE GUARD STATION,WENA,CABIN NONELECTRIC,SITE,99347,117,West,22,30,46,North,7,30,99362,WA,USA,7-Nov-14,9-Nov-14,4-Nov-14,,,2
1776250027,USFS,WENATCHEE GUARD STATION,WENA,CABIN NONELECTRIC,SITE,99347,117,West,22,30,46,North,7,30,99362,WA,USA,7-Nov-14,9-Nov-14,4-Nov-14,,,2
1713235438,FWS,KENAI NATIONAL WILDLIFE REFUGE CABINS,Engineer Lake Cabin,CABIN NONELECTRIC,SITE,99669,,West,,,,North,,,99611,AK,USA,11-Oct-14,12-Oct-14,29-Jul-14,,,4
1713235438,FWS,KENAI NATIONAL WILDLIFE REFUGE CABINS,Engineer Lake Cabin,CABIN NONELECTRIC,SITE,99669,,West,,,,North,,,99611,AK,USA,11-Oct-14,12-Oct-14,29-Jul-14,,,4
1741157087,USFS,CLEARWATER LOOKOUT CABIN,CLWL001,CABIN NONELECTRIC,SITE,99347,117,West,37,30,46,North,15,0,98031,WA,USA,14-Oct-14,17-Oct-14,29-Aug-14,,,4
1741157087,USFS,CLEARWATER LOOKOUT CABIN,CLWL001,CABIN NONELECTRIC,SITE,99347,117,West,37,30,46,North,15,0,98031,WA,USA,14-Oct-14,17-Oct-14,29-Aug-14,,,4
1753782194,FWS,KENAI NATIONAL WILDLIFE REFUGE CABINS,Upper Ohmer Lake Cabin,CABIN NONELECTRIC,SITE,99669,,West,,,,North,,,99672,AK,USA,6-Oct-14,7-Oct-14,19-Sep-14,,,4
1753782194,FWS,KENAI NATIONAL WILDLIFE REFUGE CABINS,Upper Ohmer Lake Cabin,CABIN NONELECTRIC,SITE,99669,,West,,,,North,,,99672,AK,USA,6-Oct-14,7-Oct-14,19-Sep-14,,,4
1736737406,FWS,KENAI NATIONAL WILDLIFE REFUGE CABINS,Upper Ohmer Lake Cabin,CABIN NONELECTRIC,SITE,99669,,West,,,,North,,,99611,AK,USA,29-Dec-14,30-Dec-14,23-Aug-14,,,4
1736737406,FWS,KENAI NATIONAL WILDLIFE REFUGE CABINS,Upper Ohmer Lake Cabin,CABIN NONELECTRIC,SITE,99669,,West,,,,North,,,99611,AK,USA,29-Dec-14,30-Dec-14,23-Aug-14,,,4
1728877001,FWS,KENAI NATIONAL WILDLIFE REFUGE CABINS,Doroshin Bay Cabin,CABIN NONELECTRIC,SITE,99669,,West,,,,North,,,99611,AK,USA,11-Oct-14,14-Oct-14,15-Aug-14,,,2
1728877001,FWS,KENAI NATIONAL WILDLIFE REFUGE CABINS,Doroshin Bay Cabin,CABIN NONELECTRIC,SITE,99669,,West,,,,North,,,99611,AK,USA,11-Oct-14,14-Oct-14,15-Aug-14,,,2
1733453629,FWS,KENAI NATIONAL WILDLIFE REFUGE CABINS,Kelly Lake Cabin,CABIN NONELECTRIC,SITE,99669,,West,,,,North,,,99699,AK,USA,31-Oct-14,2-Nov-14,20-Aug-14,,,4
1733453629,FWS,KENAI NATIONAL WILDLIFE REFUGE CABINS,Kelly Lake Cabin,CABIN NONELECTRIC,SITE,99669,,West,,,,North,,,99699,AK,USA,31-Oct-14,2-Nov-14,20-Aug-14,,,4
1719362313,FWS,KENAI NATIONAL WILDLIFE REFUGE CABINS,Dolly Varden Lake Cabin,CABIN NONELECTRIC,SITE,99669,,West,,,,North,,,99507,AK,USA,17-Oct-14,19-Oct-14,4-Aug-14,,,3
1719362313,FWS,KENAI NATIONAL WILDLIFE REFUGE CABINS,Dolly Varden Lake Cabin,CABIN NONELECTRIC,SITE,99669,,West,,,,North,,,99507,AK,USA,17-Oct-14,19-Oct-14,4-Aug-14,,,3
1740299214,USFS,STANEY CREEK CABIN,STANEY CREEK (T13),CABIN NONELECTRIC,SITE,99921,133,West,9,9,55,North,49,14,99502,AK,USA,1-Nov-14,7-Nov-14,28-Aug-14,,,4
1740299214,USFS,STANEY CREEK CABIN,STANEY CREEK (T13),CABIN NONELECTRIC,SITE,99921,133,West,9,9,55,North,49,14,99502,AK,USA,1-Nov-14,7-Nov-14,28-Aug-14,,,4
1756649069,FWS,KENAI NATIONAL WILDLIFE REFUGE CABINS,Engineer Lake Cabin,CABIN NONELECTRIC,SITE,99669,,West,,,,North,,,99669,AK,USA,8-Nov-14,9-Nov-14,24-Sep-14,,,4
1756649069,FWS,KENAI NATIONAL WILDLIFE REFUGE CABINS,Engineer Lake Cabin,CABIN NONELECTRIC,SITE,99669,,West,,,,North,,,99669,AK,USA,8-Nov-14,9-Nov-14,24-Sep-14,,,4
1765417157,USFS,MIDDLE DANGEROUS RIVER CABIN,MIDDLE DANGEROUS RIVER (Y09),CABIN NONELECTRIC,SITE,99689,139,West,5,38,59,North,24,48,99689,AK,USA,16-Oct-14,18-Oct-14,13-Oct-14,,,4
1765417157,USFS,MIDDLE DANGEROUS RIVER CABIN,MIDDLE DANGEROUS RIVER (Y09),CABIN NONELECTRIC,SITE,99689,139,West,5,38,59,North,24,48,99689,AK,USA,16-Oct-14,18-Oct-14,13-Oct-14,,,4
1763018189,FWS,KENAI NATIONAL WILDLIFE REFUGE CABINS,Upper Ohmer Lake Cabin,CABIN NONELECTRIC,SITE,99669,,West,,,,North,,,99504,AK,USA,21-Dec-14,23-Dec-14,7-Oct-14,,,2
1763018189,FWS,KENAI NATIONAL WILDLIFE REFUGE CABINS,Upper Ohmer Lake Cabin,CABIN NONELECTRIC,SITE,99669,,West,,,,North,,,99504,AK,USA,21-Dec-14,23-Dec-14,7-Oct-14,,,2
1731857685,USFS,RAVEN CABIN,RAVEN (Y02S),CABIN NONELECTRIC,SITE,99689,139,West,30,45.78,59,North,33,15.03,99654,AK,USA,29-Oct-14,1-Nov-14,18-Aug-14,,,3
1731857685,USFS,RAVEN CABIN,RAVEN (Y02S),CABIN NONELECTRIC,SITE,99689,139,West,30,45.78,59,North,33,15.03,99654,AK,USA,29-Oct-14,1-Nov-14,18-Aug-14,,,3
1737854435,FWS,KENAI NATIONAL WILDLIFE REFUGE CABINS,Caribou Island Cabin,CABIN NONELECTRIC,SITE,99669,,West,,,,North,,,99611,AK,USA,4-Oct-14,5-Oct-14,25-Aug-14,,,4
1737854435,FWS,KENAI NATIONAL WILDLIFE REFUGE CABINS,Caribou Island Cabin,CABIN NONELECTRIC,SITE,99669,,West,,,,North,,,99611,AK,USA,4-Oct-14,5-Oct-14,25-Aug-14,,,4
1762572011,FWS,KENAI NATIONAL WILDLIFE REFUGE CABINS,Doroshin Bay Cabin,CABIN NONELECTRIC,SITE,99669,,West,,,,North,,,99672,AK,USA,10-Oct-14,11-Oct-14,6-Oct-14,,,2
1762572011,FWS,KENAI NATIONAL WILDLIFE REFUGE CABINS,Doroshin Bay Cabin,CABIN NONELECTRIC,SITE,99669,,West,,,,North,,,99672,AK,USA,10-Oct-14,11-Oct-14,6-Oct-14,,,2
1764733331,USFS,MIDDLE DANGEROUS RIVER CABIN,MIDDLE DANGEROUS RIVER (Y09),CABIN NONELECTRIC,SITE,99689,139,West,5,38,59,North,24,48,99801,AK,USA,25-Oct-14,28-Oct-14,11-Oct-14,,,3
1764733331,USFS,MIDDLE DANGEROUS RIVER CABIN,MIDDLE DANGEROUS RIVER (Y09),CABIN NONELECTRIC,SITE,99689,139,West,5,38,59,North,24,48,99801,AK,USA,25-Oct-14,28-Oct-14,11-Oct-14,,,3
1765984590,USFS,STANEY CREEK CABIN,STANEY CREEK (T13),CABIN NONELECTRIC,SITE,99921,133,West,9,9,55,North,49,14,99507,AK,USA,27-Nov-14,30-Nov-14,14-Oct-14,,,4
1765984590,USFS,STANEY CREEK CABIN,STANEY CREEK (T13),CABIN NONELECTRIC,SITE,99921,133,West,9,9,55,North,49,14,99507,AK,USA,27-Nov-14,30-Nov-14,14-Oct-14,,,4
1761101316,FWS,KENAI NATIONAL WILDLIFE REFUGE CABINS,Kelly Lake Cabin,CABIN NONELECTRIC,SITE,99669,,West,,,,North,,,99635,AK,USA,27-Nov-14,28-Nov-14,3-Oct-14,,,4
1761101316,FWS,KENAI NATIONAL WILDLIFE REFUGE CABINS,Kelly Lake Cabin,CABIN NONELECTRIC,SITE,99669,,West,,,,North,,,99635,AK,USA,27-Nov-14,28-Nov-14,3-Oct-14,,,4
1759792047,FWS,KENAI NATIONAL WILDLIFE REFUGE CABINS,Engineer Lake Cabin,CABIN NONELECTRIC,SITE,99669,,West,,,,North,,,99611,AK,USA,22-Nov-14,23-Nov-14,30-Sep-14,,,4
1759792047,FWS,KENAI NATIONAL WILDLIFE REFUGE CABINS,Engineer Lake Cabin,CABIN NONELECTRIC,SITE,99669,,West,,,,North,,,99611,AK,USA,22-Nov-14,23-Nov-14,30-Sep-14,,,4
1761731091,USFS,BIG SHAHEEN CABIN,BIG SHAHEEN (A07),CABIN NONELECTRIC,SITE,99801,134,West,16,35.41,57,North,42,5.82,99801,AK,USA,8-Nov-14,9-Nov-14,4-Oct-14,,,2
1761731091,USFS,BIG SHAHEEN CABIN,BIG SHAHEEN (A07),CABIN NONELECTRIC,SITE,99801,134,West,16,35.41,57,North,42,5.82,99801,AK,USA,8-Nov-14,9-Nov-14,4-Oct-14,,,2
1724262234,FWS,KENAI NATIONAL WILDLIFE REFUGE CABINS,Dolly Varden Lake Cabin,CABIN NONELECTRIC,SITE,99669,,West,,,,North,,,97031,OR,USA,28-Nov-14,30-Nov-14,9-Aug-14,,,4
1724262234,FWS,KENAI NATIONAL WILDLIFE REFUGE CABINS,Dolly Varden Lake Cabin,CABIN NONELECTRIC,SITE,99669,,West,,,,North,,,97031,OR,USA,28-Nov-14,30-Nov-14,9-Aug-14,,,4
1762111059,FWS,KENAI NATIONAL WILDLIFE REFUGE CABINS,Engineer Lake Cabin,CABIN NONELECTRIC,SITE,99669,,West,,,,North,,,99572,AK,USA,13-Oct-14,14-Oct-14,6-Oct-14,,,4
1762111059,FWS,KENAI NATIONAL WILDLIFE REFUGE CABINS,Engineer Lake Cabin,CABIN NONELECTRIC,SITE,99669,,West,,,,North,,,99572,AK,USA,13-Oct-14,14-Oct-14,6-Oct-14,,,4
1761400411,USFS,LITTLE SHAHEEN CABIN,LITTLE SHAHEEN (A08),CABIN NONELECTRIC,SITE,99801,134,West,16,40.26,57,North,42,4.98,99801,AK,USA,27-Oct-14,28-Oct-14,4-Oct-14,,,2
1761400411,USFS,LITTLE SHAHEEN CABIN,LITTLE SHAHEEN (A08),CABIN NONELECTRIC,SITE,99801,134,West,16,40.26,57,North,42,4.98,99801,AK,USA,27-Oct-14,28-Oct-14,4-Oct-14,,,2
1761746928,FWS,KENAI NATIONAL WILDLIFE REFUGE CABINS,Kelly Lake Cabin,CABIN NONELECTRIC,SITE,99669,,West,,,,North,,,99669,AK,USA,20-Dec-14,21-Dec-14,5-Oct-14,,,4
1761746928,FWS,KENAI NATIONAL WILDLIFE REFUGE CABINS,Kelly Lake Cabin,CABIN NONELECTRIC,SITE,99669,,West,,,,North,,,99669,AK,USA,20-Dec-14,21-Dec-14,5-Oct-14,,,4
1775654211,FWS,KENAI NATIONAL WILDLIFE REFUGE CABINS,Engineer Lake Cabin,CABIN NONELECTRIC,SITE,99669,,West,,,,North,,,99611,AK,USA,19-Dec-14,21-Dec-14,2-Nov-14,,,4
1775654211,FWS,KENAI NATIONAL WILDLIFE REFUGE CABINS,Engineer Lake Cabin,CABIN NONELECTRIC,SITE,99669,,West,,,,North,,,99611,AK,USA,19-Dec-14,21-Dec-14,2-Nov-14,,,4
1721652593,USFS,SUMMIT GUARD STATION BUNKHOUSE,SUGU001,CABIN NONELECTRIC,SITE,99362,118,West,12,32,45,North,28,35,97801,OR,USA,17-Oct-14,19-Oct-14,6-Aug-14,,,2
1721652593,USFS,SUMMIT GUARD STATION BUNKHOUSE,SUGU001,CABIN NONELECTRIC,SITE,99362,118,West,12,32,45,North,28,35,97801,OR,USA,17-Oct-14,19-Oct-14,6-Aug-14,,,2
1762586880,USFS,YOUNG LAKE (NORTH) CABIN,NORTH YOUNG LAKE (A14),CABIN NONELECTRIC,SITE,99801,134,West,29,39.86,58,North,8,4.01,99821,AK,USA,21-Oct-14,25-Oct-14,7-Oct-14,,,2
1762586880,USFS,YOUNG LAKE (NORTH) CABIN,NORTH YOUNG LAKE (A14),CABIN NONELECTRIC,SITE,99801,134,West,29,39.86,58,North,8,4.01,99821,AK,USA,21-Oct-14,25-Oct-14,7-Oct-14,,,2
1775449286,FWS,KENAI NATIONAL WILDLIFE REFUGE CABINS,Upper Ohmer Lake Cabin,CABIN NONELECTRIC,SITE,99669,,West,,,,North,,,99645,AK,USA,5-Dec-14,6-Dec-14,1-Nov-14,,,2
1775449286,FWS,KENAI NATIONAL WILDLIFE REFUGE CABINS,Upper Ohmer Lake Cabin,CABIN NONELECTRIC,SITE,99669,,West,,,,North,,,99645,AK,USA,5-Dec-14,6-Dec-14,1-Nov-14,,,2
1766314379,FWS,KENAI NATIONAL WILDLIFE REFUGE CABINS,Kelly Lake Cabin,CABIN NONELECTRIC,SITE,99669,,West,,,,North,,,99669,AK,USA,26-Dec-14,28-Dec-14,15-Oct-14,,,2
1766314379,FWS,KENAI NATIONAL WILDLIFE REFUGE CABINS,Kelly Lake Cabin,CABIN NONELECTRIC,SITE,99669,,West,,,,North,,,99669,AK,USA,26-Dec-14,28-Dec-14,15-Oct-14,,,2
1766444303,FWS,KENAI NATIONAL WILDLIFE REFUGE CABINS,Kelly Lake Cabin,CABIN NONELECTRIC,SITE,99669,,West,,,,North,,,99669,AK,USA,29-Nov-14,30-Nov-14,16-Oct-14,,,4
1766444303,FWS,KENAI NATIONAL WILDLIFE REFUGE CABINS,Kelly Lake Cabin,CABIN NONELECTRIC,SITE,99669,,West,,,,North,,,99669,AK,USA,29-Nov-14,30-Nov-14,16-Oct-14,,,4
1776282562,USFS,MIDDLE DANGEROUS RIVER CABIN,MIDDLE DANGEROUS RIVER (Y09),CABIN NONELECTRIC,SITE,99689,139,West,5,38,59,North,24,48,99689,AK,USA,5-Nov-14,6-Nov-14,4-Nov-14,,,3
1776282562,USFS,MIDDLE DANGEROUS RIVER CABIN,MIDDLE DANGEROUS RIVER (Y09),CABIN NONELECTRIC,SITE,99689,139,West,5,38,59,North,24,48,99689,AK,USA,5-Nov-14,6-Nov-14,4-Nov-14,,,3
1759187451,FWS,KENAI NATIONAL WILDLIFE REFUGE CABINS,Kelly Lake Cabin,CABIN NONELECTRIC,SITE,99669,,West,,,,North,,,99669,AK,USA,30-Oct-14,31-Oct-14,29-Sep-14,,,4
1759187451,FWS,KENAI NATIONAL WILDLIFE REFUGE CABINS,Kelly Lake Cabin,CABIN NONELECTRIC,SITE,99669,,West,,,,North,,,99669,AK,USA,30-Oct-14,31-Oct-14,29-Sep-14,,,4
1741276198,FWS,KENAI NATIONAL WILDLIFE REFUGE CABINS,Kelly Lake Cabin,CABIN NONELECTRIC,SITE,99669,,West,,,,North,,,99611,AK,USA,22-Nov-14,23-Nov-14,30-Aug-14,,,4
1741276198,FWS,KENAI NATIONAL WILDLIFE REFUGE CABINS,Kelly Lake Cabin,CABIN NONELECTRIC,SITE,99669,,West,,,,North,,,99611,AK,USA,22-Nov-14,23-Nov-14,30-Aug-14,,,4
1756831506,FWS,KENAI NATIONAL WILDLIFE REFUGE CABINS,Engineer Lake Cabin,CABIN NONELECTRIC,SITE,99669,,West,,,,North,,,99611,AK,USA,31-Dec-14,2-Jan-15,25-Sep-14,,,4
1756831506,FWS,KENAI NATIONAL WILDLIFE REFUGE CABINS,Engineer Lake Cabin,CABIN NONELECTRIC,SITE,99669,,West,,,,North,,,99611,AK,USA,31-Dec-14,2-Jan-15,25-Sep-14,,,4
1762600094,FWS,KENAI NATIONAL WILDLIFE REFUGE CABINS,Caribou Island Cabin,CABIN NONELECTRIC,SITE,99669,,West,,,,North,,,99669,AK,USA,7-Oct-14,9-Oct-14,7-Oct-14,,,4
1762600094,FWS,KENAI NATIONAL WILDLIFE REFUGE CABINS,Caribou Island Cabin,CABIN NONELECTRIC,SITE,99669,,West,,,,North,,,99669,AK,USA,7-Oct-14,9-Oct-14,7-Oct-14,,,4
1757867187,FWS,KENAI NATIONAL WILDLIFE REFUGE CABINS,Caribou Island Cabin,CABIN NONELECTRIC,SITE,99669,,West,,,,North,,,99603,AK,USA,16-Oct-14,22-Oct-14,26-Sep-14,,,2
1757867187,FWS,KENAI NATIONAL WILDLIFE REFUGE CABINS,Caribou Island Cabin,CABIN NONELECTRIC,SITE,99669,,West,,,,North,,,99603,AK,USA,16-Oct-14,22-Oct-14,26-Sep-14,,,2
1760687828,USFS,CLEARWATER LOOKOUT CABIN,CLWL001,CABIN NONELECTRIC,SITE,99347,117,West,37,30,46,North,15,0,98252,WA,USA,23-Oct-14,30-Oct-14,2-Oct-14,,,3
1760687828,USFS,CLEARWATER LOOKOUT CABIN,CLWL001,CABIN NONELECTRIC,SITE,99347,117,West,37,30,46,North,15,0,98252,WA,USA,23-Oct-14,30-Oct-14,2-Oct-14,,,3
1763254705,USFS,CLEARWATER BIG HOUSE,CLWB001,CABIN NONELECTRIC,SITE,99347,117,West,34,5,46,North,12,2,83843,ID,USA,7-Nov-14,9-Nov-14,8-Oct-14,,,8
1763254705,USFS,CLEARWATER BIG HOUSE,CLWB001,CABIN NONELECTRIC,SITE,99347,117,West,34,5,46,North,12,2,83843,ID,USA,7-Nov-14,9-Nov-14,8-Oct-14,,,8
1729028939,FWS,KENAI NATIONAL WILDLIFE REFUGE CABINS,Upper Ohmer Lake Cabin,CABIN NONELECTRIC,SITE,99669,,West,,,,North,,,43072,OH,USA,5-Oct-14,6-Oct-14,15-Aug-14,,,4
1729028939,FWS,KENAI NATIONAL WILDLIFE REFUGE CABINS,Upper Ohmer Lake Cabin,CABIN NONELECTRIC,SITE,99669,,West,,,,North,,,43072,OH,USA,5-Oct-14,6-Oct-14,15-Aug-14,,,4
1763568759,FWS,KENAI NATIONAL WILDLIFE REFUGE CABINS,Engineer Lake Cabin,CABIN NONELECTRIC,SITE,99669,,West,,,,North,,,99611,AK,USA,10-Oct-14,11-Oct-14,8-Oct-14,,,4
1763568759,FWS,KENAI NATIONAL WILDLIFE REFUGE CABINS,Engineer Lake Cabin,CABIN NONELECTRIC,SITE,99669,,West,,,,North,,,99611,AK,USA,10-Oct-14,11-Oct-14,8-Oct-14,,,4
1766440448,FWS,KENAI NATIONAL WILDLIFE REFUGE CABINS,Kelly Lake Cabin,CABIN NONELECTRIC,SITE,99669,,West,,,,North,,,99669,AK,USA,19-Oct-14,20-Oct-14,15-Oct-14,,,2
1766440448,FWS,KENAI NATIONAL WILDLIFE REFUGE CABINS,Kelly Lake Cabin,CABIN NONELECTRIC,SITE,99669,,West,,,,North,,,99669,AK,USA,19-Oct-14,20-Oct-14,15-Oct-14,,,2
1760837074,USFS,JIMS LAKE CABIN,JIM'S LAKE (A10),CABIN NONELECTRIC,SITE,99801,134,West,16,26.14,57,North,34,54.98,99577,AK,USA,21-Oct-14,30-Oct-14,2-Oct-14,,,2
1760837074,USFS,JIMS LAKE CABIN,JIM'S LAKE (A10),CABIN NONELECTRIC,SITE,99801,134,West,16,26.14,57,North,34,54.98,99577,AK,USA,21-Oct-14,30-Oct-14,2-Oct-14,,,2
1777937728,USFS,WENATCHEE GUARD STATION,WENA,CABIN NONELECTRIC,SITE,99347,117,West,22,30,46,North,7,30,99337,WA,USA,27-Nov-14,28-Nov-14,11-Nov-14,,,2
1777937728,USFS,WENATCHEE GUARD STATION,WENA,CABIN NONELECTRIC,SITE,99347,117,West,22,30,46,North,7,30,99337,WA,USA,27-Nov-14,28-Nov-14,11-Nov-14,,,2
1755011554,NPS,EVANS GROUP CAMP,EG#1,GROUP STANDARD AREA NONELECTRIC,SITE,99122,118,West,6,53.92,48,North,42,9.41,99203,WA,USA,10-Oct-14,12-Oct-14,21-Sep-14,Tent,1,15
1755011554,NPS,EVANS GROUP CAMP,EG#1,GROUP STANDARD AREA NONELECTRIC,SITE,99122,118,West,6,53.92,48,North,42,9.41,99203,WA,USA,10-Oct-14,12-Oct-14,21-Sep-14,Tent,1,15
1762894270,FWS,KENAI NATIONAL WILDLIFE REFUGE CABINS,Pincher Creek Cabin,CABIN NONELECTRIC,SITE,99669,,West,,,,North,,,99577,AK,USA,8-Oct-14,9-Oct-14,7-Oct-14,,,2
1762894270,FWS,KENAI NATIONAL WILDLIFE REFUGE CABINS,Pincher Creek Cabin,CABIN NONELECTRIC,SITE,99669,,West,,,,North,,,99577,AK,USA,8-Oct-14,9-Oct-14,7-Oct-14,,,2
1754919888,USFS,RAVEN CABIN,RAVEN (Y02S),CABIN NONELECTRIC,SITE,99689,139,West,30,45.78,59,North,33,15.03,99689,AK,USA,7-Oct-14,14-Oct-14,21-Sep-14,,,5
1754919888,USFS,RAVEN CABIN,RAVEN (Y02S),CABIN NONELECTRIC,SITE,99689,139,West,30,45.78,59,North,33,15.03,99689,AK,USA,7-Oct-14,14-Oct-14,21-Sep-14,,,5
1773703108,FWS,KENAI NATIONAL WILDLIFE REFUGE CABINS,Kelly Lake Cabin,CABIN NONELECTRIC,SITE,99669,,West,,,,North,,,99669,AK,USA,2-Nov-14,4-Nov-14,27-Oct-14,,,4
1773703108,FWS,KENAI NATIONAL WILDLIFE REFUGE CABINS,Kelly Lake Cabin,CABIN NONELECTRIC,SITE,99669,,West,,,,North,,,99669,AK,USA,2-Nov-14,4-Nov-14,27-Oct-14,,,4
1773186524,FWS,KENAI NATIONAL WILDLIFE REFUGE CABINS,Dolly Varden Lake Cabin,CABIN NONELECTRIC,SITE,99669,,West,,,,North,,,99669,AK,USA,29-Oct-14,1-Nov-14,25-Oct-14,,,4
1773186524,FWS,KENAI NATIONAL WILDLIFE REFUGE CABINS,Dolly Varden Lake Cabin,CABIN NONELECTRIC,SITE,99669,,West,,,,North,,,99669,AK,USA,29-Oct-14,1-Nov-14,25-Oct-14,,,4
1743753076,FWS,KENAI NATIONAL WILDLIFE REFUGE CABINS,Doroshin Bay Cabin,CABIN NONELECTRIC,SITE,99669,,West,,,,North,,,99523,AK,USA,5-Oct-14,9-Oct-14,3-Sep-14,,,2
1743753076,FWS,KENAI NATIONAL WILDLIFE REFUGE CABINS,Doroshin Bay Cabin,CABIN NONELECTRIC,SITE,99669,,West,,,,North,,,99523,AK,USA,5-Oct-14,9-Oct-14,3-Sep-14,,,2
1763871638,USFS,ITALIO RIVER CABIN,ITALIO RIVER (Y11),CABIN NONELECTRIC,SITE,99689,139,West,5,9,59,North,17,50,99689,AK,USA,15-Oct-14,20-Oct-14,9-Oct-14,,,4
1763871638,USFS,ITALIO RIVER CABIN,ITALIO RIVER (Y11),CABIN NONELECTRIC,SITE,99689,139,West,5,9,59,North,17,50,99689,AK,USA,15-Oct-14,20-Oct-14,9-Oct-14,,,4
1768251603,USFS,FRY MEADOWS GUARD STATION,FRYM001,CABIN NONELECTRIC,SITE,99362,117,West,49,54,45,North,47,12,83651,ID,USA,24-Oct-14,25-Oct-14,18-Oct-14,,,2
1768251603,USFS,FRY MEADOWS GUARD STATION,FRYM001,CABIN NONELECTRIC,SITE,99362,117,West,49,54,45,North,47,12,83651,ID,USA,24-Oct-14,25-Oct-14,18-Oct-14,,,2
1758210502,FWS,KENAI NATIONAL WILDLIFE REFUGE CABINS,Upper Ohmer Lake Cabin,CABIN NONELECTRIC,SITE,99669,,West,,,,North,,,99610,AK,USA,2-Oct-14,3-Oct-14,27-Sep-14,,,2
1758210502,FWS,KENAI NATIONAL WILDLIFE REFUGE CABINS,Upper Ohmer Lake Cabin,CABIN NONELECTRIC,SITE,99669,,West,,,,North,,,99610,AK,USA,2-Oct-14,3-Oct-14,27-Sep-14,,,2
1777353888,FWS,KENAI NATIONAL WILDLIFE REFUGE CABINS,Upper Ohmer Lake Cabin,CABIN NONELECTRIC,SITE,99669,,West,,,,North,,,99669,AK,USA,10-Nov-14,11-Nov-14,8-Nov-14,,,2
1777353888,FWS,KENAI NATIONAL WILDLIFE REFUGE CABINS,Upper Ohmer Lake Cabin,CABIN NONELECTRIC,SITE,99669,,West,,,,North,,,99669,AK,USA,10-Nov-14,11-Nov-14,8-Nov-14,,,2
1762367637,FWS,KENAI NATIONAL WILDLIFE REFUGE CABINS,Engineer Lake Cabin,CABIN NONELECTRIC,SITE,99669,,West,,,,North,,,99669,AK,USA,19-Oct-14,20-Oct-14,6-Oct-14,,,3
1762367637,FWS,KENAI NATIONAL WILDLIFE REFUGE CABINS,Engineer Lake Cabin,CABIN NONELECTRIC,SITE,99669,,West,,,,North,,,99669,AK,USA,19-Oct-14,20-Oct-14,6-Oct-14,,,3
1773957429,FWS,KENAI NATIONAL WILDLIFE REFUGE CABINS,Upper Ohmer Lake Cabin,CABIN NONELECTRIC,SITE,99669,,West,,,,North,,,99669,AK,USA,28-Dec-14,29-Dec-14,28-Oct-14,,,4
1773957429,FWS,KENAI NATIONAL WILDLIFE REFUGE CABINS,Upper Ohmer Lake Cabin,CABIN NONELECTRIC,SITE,99669,,West,,,,North,,,99669,AK,USA,28-Dec-14,29-Dec-14,28-Oct-14,,,4
1751813855,USFS,YOUNG LAKE (NORTH) CABIN,NORTH YOUNG LAKE (A14),CABIN NONELECTRIC,SITE,99801,134,West,29,39.86,58,North,8,4.01,99801,AK,USA,31-Oct-14,7-Nov-14,15-Sep-14,,,4
1751813855,USFS,YOUNG LAKE (NORTH) CABIN,NORTH YOUNG LAKE (A14),CABIN NONELECTRIC,SITE,99801,134,West,29,39.86,58,North,8,4.01,99801,AK,USA,31-Oct-14,7-Nov-14,15-Sep-14,,,4
1776801683,FWS,KENAI NATIONAL WILDLIFE REFUGE CABINS,Upper Ohmer Lake Cabin,CABIN NONELECTRIC,SITE,99669,,West,,,,North,,,99664,AK,USA,24-Nov-14,26-Nov-14,6-Nov-14,,,4
1776801683,FWS,KENAI NATIONAL WILDLIFE REFUGE CABINS,Upper Ohmer Lake Cabin,CABIN NONELECTRIC,SITE,99669,,West,,,,North,,,99664,AK,USA,24-Nov-14,26-Nov-14,6-Nov-14,,,4
1749788570,FWS,KENAI NATIONAL WILDLIFE REFUGE CABINS,Engineer Lake Cabin,CABIN NONELECTRIC,SITE,99669,,West,,,,North,,,99669,AK,USA,14-Nov-14,16-Nov-14,12-Sep-14,,,2
1749788570,FWS,KENAI NATIONAL WILDLIFE REFUGE CABINS,Engineer Lake Cabin,CABIN NONELECTRIC,SITE,99669,,West,,,,North,,,99669,AK,USA,14-Nov-14,16-Nov-14,12-Sep-14,,,2
1743713481,USFS,CHURCH BIGHT CABIN,CHURCH BIGHT (A11),CABIN NONELECTRIC,SITE,99801,133,West,55,42.69,57,North,25,32.53,99801,AK,USA,14-Nov-14,22-Nov-14,2-Sep-14,,,2
1743713481,USFS,CHURCH BIGHT CABIN,CHURCH BIGHT (A11),CABIN NONELECTRIC,SITE,99801,133,West,55,42.69,57,North,25,32.53,99801,AK,USA,14-Nov-14,22-Nov-14,2-Sep-14,,,2
1719375480,USFS,CLEARWATER LOOKOUT CABIN,CLWL001,CABIN NONELECTRIC,SITE,99347,117,West,37,30,46,North,15,0,98031,WA,USA,9-Oct-14,14-Oct-14,4-Aug-14,,,4
1719375480,USFS,CLEARWATER LOOKOUT CABIN,CLWL001,CABIN NONELECTRIC,SITE,99347,117,West,37,30,46,North,15,0,98031,WA,USA,9-Oct-14,14-Oct-14,4-Aug-14,,,4
1750753852,FWS,KENAI NATIONAL WILDLIFE REFUGE CABINS,Upper Ohmer Lake Cabin,CABIN NONELECTRIC,SITE,99669,,West,,,,North,,,99516,AK,USA,12-Dec-14,14-Dec-14,13-Sep-14,,,4
1750753852,FWS,KENAI NATIONAL WILDLIFE REFUGE CABINS,Upper Ohmer Lake Cabin,CABIN NONELECTRIC,SITE,99669,,West,,,,North,,,99516,AK,USA,12-Dec-14,14-Dec-14,13-Sep-14,,,4
1757875196,FWS,KENAI NATIONAL WILDLIFE REFUGE CABINS,Upper Ohmer Lake Cabin,CABIN NONELECTRIC,SITE,99669,,West,,,,North,,,99501,AK,USA,12-Oct-14,15-Oct-14,26-Sep-14,,,2
1757875196,FWS,KENAI NATIONAL WILDLIFE REFUGE CABINS,Upper Ohmer Lake Cabin,CABIN NONELECTRIC,SITE,99669,,West,,,,North,,,99501,AK,USA,12-Oct-14,15-Oct-14,26-Sep-14,,,2
1786510941,FWS,KENAI NATIONAL WILDLIFE REFUGE CABINS,Dolly Varden Lake Cabin,CABIN NONELECTRIC,SITE,99669,,West,,,,North,,,99518,AK,USA,26-Dec-14,29-Dec-14,11-Dec-14,,,2
1786510941,FWS,KENAI NATIONAL WILDLIFE REFUGE CABINS,Dolly Varden Lake Cabin,CABIN NONELECTRIC,SITE,99669,,West,,,,North,,,99518,AK,USA,26-Dec-14,29-Dec-14,11-Dec-14,,,2
1784490221,USFS,ADMIRALTY COVE CABIN,ADMIRALTY COVE (A13),CABIN NONELECTRIC,SITE,99801,134,West,33,42.71,58,North,10,34.96,99801,AK,USA,7-Dec-14,10-Dec-14,3-Dec-14,,,1
1784490221,USFS,ADMIRALTY COVE CABIN,ADMIRALTY COVE (A13),CABIN NONELECTRIC,SITE,99801,134,West,33,42.71,58,North,10,34.96,99801,AK,USA,7-Dec-14,10-Dec-14,3-Dec-14,,,1
1786441715,FWS,KENAI NATIONAL WILDLIFE REFUGE CABINS,Dolly Varden Lake Cabin,CABIN NONELECTRIC,SITE,99669,,West,,,,North,,,99502,AK,USA,12-Dec-14,14-Dec-14,10-Dec-14,,,4
1786441715,FWS,KENAI NATIONAL WILDLIFE REFUGE CABINS,Dolly Varden Lake Cabin,CABIN NONELECTRIC,SITE,99669,,West,,,,North,,,99502,AK,USA,12-Dec-14,14-Dec-14,10-Dec-14,,,4
1745889179,FWS,KENAI NATIONAL WILDLIFE REFUGE CABINS,Engineer Lake Cabin,CABIN NONELECTRIC,SITE,99669,,West,,,,North,,,99611,AK,USA,24-Oct-14,25-Oct-14,6-Sep-14,,,4
1745889179,FWS,KENAI NATIONAL WILDLIFE REFUGE CABINS,Engineer Lake Cabin,CABIN NONELECTRIC,SITE,99669,,West,,,,North,,,99611,AK,USA,24-Oct-14,25-Oct-14,6-Sep-14,,,4
1789701420,FWS,KENAI NATIONAL WILDLIFE REFUGE CABINS,Kelly Lake Cabin,CABIN NONELECTRIC,SITE,99669,,West,,,,North,,,99603,AK,USA,23-Dec-14,24-Dec-14,21-Dec-14,,,4
1789701420,FWS,KENAI NATIONAL WILDLIFE REFUGE CABINS,Kelly Lake Cabin,CABIN NONELECTRIC,SITE,99669,,West,,,,North,,,99603,AK,USA,23-Dec-14,24-Dec-14,21-Dec-14,,,4
1790354828,USFS,ADMIRALTY COVE CABIN,ADMIRALTY COVE (A13),CABIN NONELECTRIC,SITE,99801,134,West,33,42.71,58,North,10,34.96,99801,AK,USA,23-Dec-14,24-Dec-14,22-Dec-14,,,5
1790354828,USFS,ADMIRALTY COVE CABIN,ADMIRALTY COVE (A13),CABIN NONELECTRIC,SITE,99801,134,West,33,42.71,58,North,10,34.96,99801,AK,USA,23-Dec-14,24-Dec-14,22-Dec-14,,,5
1731700173,FWS,KENAI NATIONAL WILDLIFE REFUGE CABINS,Kelly Lake Cabin,CABIN NONELECTRIC,SITE,99669,,West,,,,North,,,99669,AK,USA,14-Nov-14,16-Nov-14,18-Aug-14,,,2
1731700173,FWS,KENAI NATIONAL WILDLIFE REFUGE CABINS,Kelly Lake Cabin,CABIN NONELECTRIC,SITE,99669,,West,,,,North,,,99669,AK,USA,14-Nov-14,16-Nov-14,18-Aug-14,,,2
1758886461,FWS,KENAI NATIONAL WILDLIFE REFUGE CABINS,Kelly Lake Cabin,CABIN NONELECTRIC,SITE,99669,,West,,,,North,,,99669,AK,USA,2-Oct-14,3-Oct-14,28-Sep-14,,,2
1758886461,FWS,KENAI NATIONAL WILDLIFE REFUGE CABINS,Kelly Lake Cabin,CABIN NONELECTRIC,SITE,99669,,West,,,,North,,,99669,AK,USA,2-Oct-14,3-Oct-14,28-Sep-14,,,2
1755448941,USFS,EAGLE CABIN,EAGLE (Y02N),CABIN NONELECTRIC,SITE,99689,139,West,30,44.15,59,North,33,22.55,99689,AK,USA,7-Oct-14,11-Oct-14,22-Sep-14,,,3
1755448941,USFS,EAGLE CABIN,EAGLE (Y02N),CABIN NONELECTRIC,SITE,99689,139,West,30,44.15,59,North,33,22.55,99689,AK,USA,7-Oct-14,11-Oct-14,22-Sep-14,,,3
1747757462,USFS,GODMAN GUARD STATION,GOGU001,CABIN NONELECTRIC,SITE,99347,117,West,45,10,46,North,7,30,99328,WA,USA,3-Oct-14,5-Oct-14,8-Sep-14,,,4
1747757462,USFS,GODMAN GUARD STATION,GOGU001,CABIN NONELECTRIC,SITE,99347,117,West,45,10,46,North,7,30,99328,WA,USA,3-Oct-14,5-Oct-14,8-Sep-14,,,4
1754615087,USFS,CONTROL LAKE CABIN,CONTROL LAKE (T02),CABIN NONELECTRIC,SITE,99921,132,West,51,49,55,North,41,40,99926,AK,USA,28-Oct-14,4-Nov-14,20-Sep-14,,,2
1754615087,USFS,CONTROL LAKE CABIN,CONTROL LAKE (T02),CABIN NONELECTRIC,SITE,99921,132,West,51,49,55,North,41,40,99926,AK,USA,28-Oct-14,4-Nov-14,20-Sep-14,,,2
1751155494,USFS,TANIS MESA NORTH CABIN,TANIS MESA NORTH (Y06N),CABIN NONELECTRIC,SITE,99689,138,West,30,10,59,North,14,54,99689,AK,USA,12-Oct-14,19-Oct-14,14-Sep-14,,,4
1751155494,USFS,TANIS MESA NORTH CABIN,TANIS MESA NORTH (Y06N),CABIN NONELECTRIC,SITE,99689,138,West,30,10,59,North,14,54,99689,AK,USA,12-Oct-14,19-Oct-14,14-Sep-14,,,4
1756962788,FWS,KENAI NATIONAL WILDLIFE REFUGE CABINS,Pincher Creek Cabin,CABIN NONELECTRIC,SITE,99669,,West,,,,North,,,99517,AK,USA,18-Oct-14,19-Oct-14,25-Sep-14,,,2
1756962788,FWS,KENAI NATIONAL WILDLIFE REFUGE CABINS,Pincher Creek Cabin,CABIN NONELECTRIC,SITE,99669,,West,,,,North,,,99517,AK,USA,18-Oct-14,19-Oct-14,25-Sep-14,,,2
1730132175,FWS,KENAI NATIONAL WILDLIFE REFUGE CABINS,Engineer Lake Cabin,CABIN NONELECTRIC,SITE,99669,,West,,,,North,,,99507,AK,USA,5-Dec-14,7-Dec-14,16-Aug-14,,,4
1730132175,FWS,KENAI NATIONAL WILDLIFE REFUGE CABINS,Engineer Lake Cabin,CABIN NONELECTRIC,SITE,99669,,West,,,,North,,,99507,AK,USA,5-Dec-14,7-Dec-14,16-Aug-14,,,4
1733553944,FWS,KENAI NATIONAL WILDLIFE REFUGE CABINS,Engineer Lake Cabin,CABIN NONELECTRIC,SITE,99669,,West,,,,North,,,99669,AK,USA,29-Nov-14,30-Nov-14,20-Aug-14,,,4
1733553944,FWS,KENAI NATIONAL WILDLIFE REFUGE CABINS,Engineer Lake Cabin,CABIN NONELECTRIC,SITE,99669,,West,,,,North,,,99669,AK,USA,29-Nov-14,30-Nov-14,20-Aug-14,,,4
1728507458,FWS,KENAI NATIONAL WILDLIFE REFUGE CABINS,Engineer Lake Cabin,CABIN NONELECTRIC,SITE,99669,,West,,,,North,,,99669,AK,USA,1-Nov-14,2-Nov-14,14-Aug-14,,,4
1728507458,FWS,KENAI NATIONAL WILDLIFE REFUGE CABINS,Engineer Lake Cabin,CABIN NONELECTRIC,SITE,99669,,West,,,,North,,,99669,AK,USA,1-Nov-14,2-Nov-14,14-Aug-14,,,4
1785828421,USFS,STANEY CREEK CABIN,STANEY CREEK (T13),CABIN NONELECTRIC,SITE,99921,133,West,9,9,55,North,49,14,99901,AK,USA,8-Dec-14,10-Dec-14,8-Dec-14,,,3
1785828421,USFS,STANEY CREEK CABIN,STANEY CREEK (T13),CABIN NONELECTRIC,SITE,99921,133,West,9,9,55,North,49,14,99901,AK,USA,8-Dec-14,10-Dec-14,8-Dec-14,,,3
1785828427,USFS,STANEY CREEK CABIN,STANEY CREEK (T13),CABIN NONELECTRIC,SITE,99921,133,West,9,9,55,North,49,14,99901,AK,USA,10-Dec-14,11-Dec-14,8-Dec-14,,,3
1785828427,USFS,STANEY CREEK CABIN,STANEY CREEK (T13),CABIN NONELECTRIC,SITE,99921,133,West,9,9,55,North,49,14,99901,AK,USA,10-Dec-14,11-Dec-14,8-Dec-14,,,3
1778951357,USFS,CONTROL LAKE CABIN,CONTROL LAKE (T02),CABIN NONELECTRIC,SITE,99921,132,West,51,49,55,North,41,40,99925,AK,USA,15-Nov-14,16-Nov-14,14-Nov-14,,,2
1778951357,USFS,CONTROL LAKE CABIN,CONTROL LAKE (T02),CABIN NONELECTRIC,SITE,99921,132,West,51,49,55,North,41,40,99925,AK,USA,15-Nov-14,16-Nov-14,14-Nov-14,,,2
1789908885,FWS,KENAI NATIONAL WILDLIFE REFUGE CABINS,Dolly Varden Lake Cabin,CABIN NONELECTRIC,SITE,99669,,West,,,,North,,,99669,AK,USA,22-Dec-14,24-Dec-14,21-Dec-14,,,1
1789908885,FWS,KENAI NATIONAL WILDLIFE REFUGE CABINS,Dolly Varden Lake Cabin,CABIN NONELECTRIC,SITE,99669,,West,,,,North,,,99669,AK,USA,22-Dec-14,24-Dec-14,21-Dec-14,,,1
1790538796,FWS,KENAI NATIONAL WILDLIFE REFUGE CABINS,Engineer Lake Cabin,CABIN NONELECTRIC,SITE,99669,,West,,,,North,,,99669,AK,USA,30-Dec-14,31-Dec-14,23-Dec-14,,,4
1790538796,FWS,KENAI NATIONAL WILDLIFE REFUGE CABINS,Engineer Lake Cabin,CABIN NONELECTRIC,SITE,99669,,West,,,,North,,,99669,AK,USA,30-Dec-14,31-Dec-14,23-Dec-14,,,4
1787048645,FWS,KENAI NATIONAL WILDLIFE REFUGE CABINS,Engineer Lake Cabin,CABIN NONELECTRIC,SITE,99669,,West,,,,North,,,99901,AK,USA,25-Dec-14,26-Dec-14,12-Dec-14,,,4
1787048645,FWS,KENAI NATIONAL WILDLIFE REFUGE CABINS,Engineer Lake Cabin,CABIN NONELECTRIC,SITE,99669,,West,,,,North,,,99901,AK,USA,25-Dec-14,26-Dec-14,12-Dec-14,,,4
1575659301,USFS,ADMIRALTY COVE CABIN,ADMIRALTY COVE (A13),CABIN NONELECTRIC,SITE,99801,134,West,33,42.71,58,North,10,34.96,99801,AK,USA,10-Nov-14,12-Nov-14,9-Mar-14,,,2
1575659301,USFS,ADMIRALTY COVE CABIN,ADMIRALTY COVE (A13),CABIN NONELECTRIC,SITE,99801,134,West,33,42.71,58,North,10,34.96,99801,AK,USA,10-Nov-14,12-Nov-14,9-Mar-14,,,2
1791899501,USFS,STANEY CREEK CABIN,STANEY CREEK (T13),CABIN NONELECTRIC,SITE,99921,133,West,9,9,55,North,49,14,59758,MT,USA,27-Dec-14,31-Dec-14,27-Dec-14,,,2
1791899501,USFS,STANEY CREEK CABIN,STANEY CREEK (T13),CABIN NONELECTRIC,SITE,99921,133,West,9,9,55,North,49,14,59758,MT,USA,27-Dec-14,31-Dec-14,27-Dec-14,,,2
1751306034,FWS,KENAI NATIONAL WILDLIFE REFUGE CABINS,Engineer Lake Cabin,CABIN NONELECTRIC,SITE,99669,,West,,,,North,,,99501,AK,USA,13-Dec-14,14-Dec-14,14-Sep-14,,,4
1751306034,FWS,KENAI NATIONAL WILDLIFE REFUGE CABINS,Engineer Lake Cabin,CABIN NONELECTRIC,SITE,99669,,West,,,,North,,,99501,AK,USA,13-Dec-14,14-Dec-14,14-Sep-14,,,4
1776479092,USFS,ADMIRALTY COVE CABIN,ADMIRALTY COVE (A13),CABIN NONELECTRIC,SITE,99801,134,West,33,42.71,58,North,10,34.96,99803,AK,USA,4-Dec-14,7-Dec-14,5-Nov-14,,,4
1776479092,USFS,ADMIRALTY COVE CABIN,ADMIRALTY COVE (A13),CABIN NONELECTRIC,SITE,99801,134,West,33,42.71,58,North,10,34.96,99803,AK,USA,4-Dec-14,7-Dec-14,5-Nov-14,,,4
1753914538,USFS,FRY MEADOWS GUARD STATION,FRYM001,CABIN NONELECTRIC,SITE,99362,117,West,49,54,45,North,47,12,99362,WA,USA,10-Oct-14,12-Oct-14,19-Sep-14,,,4
1753914538,USFS,FRY MEADOWS GUARD STATION,FRYM001,CABIN NONELECTRIC,SITE,99362,117,West,49,54,45,North,47,12,99362,WA,USA,10-Oct-14,12-Oct-14,19-Sep-14,,,4
1780227913,USFS,ADMIRALTY COVE CABIN,ADMIRALTY COVE (A13),CABIN NONELECTRIC,SITE,99801,134,West,33,42.71,58,North,10,34.96,99801,AK,USA,10-Dec-14,14-Dec-14,18-Nov-14,,,1
1780227913,USFS,ADMIRALTY COVE CABIN,ADMIRALTY COVE (A13),CABIN NONELECTRIC,SITE,99801,134,West,33,42.71,58,North,10,34.96,99801,AK,USA,10-Dec-14,14-Dec-14,18-Nov-14,,,1
1768253259,USFS,FRY MEADOWS GUARD STATION,FRYM001,CABIN NONELECTRIC,SITE,99362,117,West,49,54,45,North,47,12,83651,ID,USA,25-Oct-14,27-Oct-14,18-Oct-14,,,2
1768253259,USFS,FRY MEADOWS GUARD STATION,FRYM001,CABIN NONELECTRIC,SITE,99362,117,West,49,54,45,North,47,12,83651,ID,USA,25-Oct-14,27-Oct-14,18-Oct-14,,,2
1785273231,USFS,CLEARWATER BIG HOUSE,CLWB001,CABIN NONELECTRIC,SITE,99347,117,West,34,5,46,North,12,2,83843,ID,USA,24-Dec-14,27-Dec-14,6-Dec-14,,,4
1785273231,USFS,CLEARWATER BIG HOUSE,CLWB001,CABIN NONELECTRIC,SITE,99347,117,West,34,5,46,North,12,2,83843,ID,USA,24-Dec-14,27-Dec-14,6-Dec-14,,,4
1761404073,USFS,LITTLE SHAHEEN CABIN,LITTLE SHAHEEN (A08),CABIN NONELECTRIC,SITE,99801,134,West,16,40.26,57,North,42,4.98,99801,AK,USA,24-Oct-14,25-Oct-14,4-Oct-14,,,2
1761404073,USFS,LITTLE SHAHEEN CABIN,LITTLE SHAHEEN (A08),CABIN NONELECTRIC,SITE,99801,134,West,16,40.26,57,North,42,4.98,99801,AK,USA,24-Oct-14,25-Oct-14,4-Oct-14,,,2
1769524921,FWS,KENAI NATIONAL WILDLIFE REFUGE CABINS,Engineer Lake Cabin,CABIN NONELECTRIC,SITE,99669,,West,,,,North,,,99603,AK,USA,26-Dec-14,28-Dec-14,20-Oct-14,,,4
1769524921,FWS,KENAI NATIONAL WILDLIFE REFUGE CABINS,Engineer Lake Cabin,CABIN NONELECTRIC,SITE,99669,,West,,,,North,,,99603,AK,USA,26-Dec-14,28-Dec-14,20-Oct-14,,,4
1776042574,FWS,KENAI NATIONAL WILDLIFE REFUGE CABINS,Dolly Varden Lake Cabin,CABIN NONELECTRIC,SITE,99669,,West,,,,North,,,99669,AK,USA,24-Dec-14,26-Dec-14,3-Nov-14,,,4
1776042574,FWS,KENAI NATIONAL WILDLIFE REFUGE CABINS,Dolly Varden Lake Cabin,CABIN NONELECTRIC,SITE,99669,,West,,,,North,,,99669,AK,USA,24-Dec-14,26-Dec-14,3-Nov-14,,,4
1782649079,FWS,KENAI NATIONAL WILDLIFE REFUGE CABINS,Doroshin Bay Cabin,CABIN NONELECTRIC,SITE,99669,,West,,,,North,,,99669,AK,USA,27-Nov-14,28-Nov-14,26-Nov-14,,,2
1782649079,FWS,KENAI NATIONAL WILDLIFE REFUGE CABINS,Doroshin Bay Cabin,CABIN NONELECTRIC,SITE,99669,,West,,,,North,,,99669,AK,USA,27-Nov-14,28-Nov-14,26-Nov-14,,,2
1781832502,USFS,ADMIRALTY COVE CABIN,ADMIRALTY COVE (A13),CABIN NONELECTRIC,SITE,99801,134,West,33,42.71,58,North,10,34.96,99801,AK,USA,20-Dec-14,23-Dec-14,24-Nov-14,,,4
1781832502,USFS,ADMIRALTY COVE CABIN,ADMIRALTY COVE (A13),CABIN NONELECTRIC,SITE,99801,134,West,33,42.71,58,North,10,34.96,99801,AK,USA,20-Dec-14,23-Dec-14,24-Nov-14,,,4
1778500804,USFS,WENATCHEE GUARD STATION,WENA,CABIN NONELECTRIC,SITE,99347,117,West,22,30,46,North,7,30,98020,WA,USA,30-Dec-14,1-Jan-15,12-Nov-14,,,4
1778500804,USFS,WENATCHEE GUARD STATION,WENA,CABIN NONELECTRIC,SITE,99347,117,West,22,30,46,North,7,30,98020,WA,USA,30-Dec-14,1-Jan-15,12-Nov-14,,,4
1777418664,FWS,KENAI NATIONAL WILDLIFE REFUGE CABINS,Doroshin Bay Cabin,CABIN NONELECTRIC,SITE,99669,,West,,,,North,,,99654,AK,USA,9-Nov-14,10-Nov-14,8-Nov-14,,,2
1777418664,FWS,KENAI NATIONAL WILDLIFE REFUGE CABINS,Doroshin Bay Cabin,CABIN NONELECTRIC,SITE,99669,,West,,,,North,,,99654,AK,USA,9-Nov-14,10-Nov-14,8-Nov-14,,,2
1780517166,USFS,STANEY CREEK CABIN,STANEY CREEK (T13),CABIN NONELECTRIC,SITE,99921,133,West,9,9,55,North,49,14,99925,AK,USA,22-Nov-14,24-Nov-14,19-Nov-14,,,6
1780517166,USFS,STANEY CREEK CABIN,STANEY CREEK (T13),CABIN NONELECTRIC,SITE,99921,133,West,9,9,55,North,49,14,99925,AK,USA,22-Nov-14,24-Nov-14,19-Nov-14,,,6
1773179633,FWS,KENAI NATIONAL WILDLIFE REFUGE CABINS,Doroshin Bay Cabin,CABIN NONELECTRIC,SITE,99669,,West,,,,North,,,98338,WA,USA,1-Nov-14,2-Nov-14,25-Oct-14,,,2
1773179633,FWS,KENAI NATIONAL WILDLIFE REFUGE CABINS,Doroshin Bay Cabin,CABIN NONELECTRIC,SITE,99669,,West,,,,North,,,98338,WA,USA,1-Nov-14,2-Nov-14,25-Oct-14,,,2
1779483629,FWS,KENAI NATIONAL WILDLIFE REFUGE CABINS,Engineer Lake Cabin,CABIN NONELECTRIC,SITE,99669,,West,,,,North,,,99611,AK,USA,4-Dec-14,5-Dec-14,16-Nov-14,,,4
1779483629,FWS,KENAI NATIONAL WILDLIFE REFUGE CABINS,Engineer Lake Cabin,CABIN NONELECTRIC,SITE,99669,,West,,,,North,,,99611,AK,USA,4-Dec-14,5-Dec-14,16-Nov-14,,,4
1764911787,FWS,KENAI NATIONAL WILDLIFE REFUGE CABINS,Kelly Lake Cabin,CABIN NONELECTRIC,SITE,99669,,West,,,,North,,,99603,AK,USA,5-Dec-14,7-Dec-14,11-Oct-14,,,2
1764911787,FWS,KENAI NATIONAL WILDLIFE REFUGE CABINS,Kelly Lake Cabin,CABIN NONELECTRIC,SITE,99669,,West,,,,North,,,99603,AK,USA,5-Dec-14,7-Dec-14,11-Oct-14,,,2
1779891993,USFS,PYBUS BAY CABIN,PYBUS BAY (A12),CABIN NONELECTRIC,SITE,99801,134,West,9,47.08,57,North,20,57.32,99833,AK,USA,18-Nov-14,22-Nov-14,17-Nov-14,,,2
1779891993,USFS,PYBUS BAY CABIN,PYBUS BAY (A12),CABIN NONELECTRIC,SITE,99801,134,West,9,47.08,57,North,20,57.32,99833,AK,USA,18-Nov-14,22-Nov-14,17-Nov-14,,,2
1769689955,FWS,KENAI NATIONAL WILDLIFE REFUGE CABINS,Kelly Lake Cabin,CABIN NONELECTRIC,SITE,99669,,West,,,,North,,,99669,AK,USA,10-Nov-14,11-Nov-14,20-Oct-14,,,3
1769689955,FWS,KENAI NATIONAL WILDLIFE REFUGE CABINS,Kelly Lake Cabin,CABIN NONELECTRIC,SITE,99669,,West,,,,North,,,99669,AK,USA,10-Nov-14,11-Nov-14,20-Oct-14,,,3
1776343582,USFS,CLEARWATER LOOKOUT CABIN,CLWL001,CABIN NONELECTRIC,SITE,99347,117,West,37,30,46,North,15,0,99362,WA,USA,8-Nov-14,9-Nov-14,4-Nov-14,,,4
1776343582,USFS,CLEARWATER LOOKOUT CABIN,CLWL001,CABIN NONELECTRIC,SITE,99347,117,West,37,30,46,North,15,0,99362,WA,USA,8-Nov-14,9-Nov-14,4-Nov-14,,,4
1776346384,FWS,KENAI NATIONAL WILDLIFE REFUGE CABINS,Doroshin Bay Cabin,CABIN NONELECTRIC,SITE,99669,,West,,,,North,,,99603,AK,USA,5-Nov-14,6-Nov-14,4-Nov-14,,,2
1776346384,FWS,KENAI NATIONAL WILDLIFE REFUGE CABINS,Doroshin Bay Cabin,CABIN NONELECTRIC,SITE,99669,,West,,,,North,,,99603,AK,USA,5-Nov-14,6-Nov-14,4-Nov-14,,,2
1768094603,FWS,KENAI NATIONAL WILDLIFE REFUGE CABINS,Nurses Cabin,CABIN NONELECTRIC,SITE,99669,,West,,,,North,,,99669,AK,USA,17-Oct-14,19-Oct-14,17-Oct-14,,,2
1768094603,FWS,KENAI NATIONAL WILDLIFE REFUGE CABINS,Nurses Cabin,CABIN NONELECTRIC,SITE,99669,,West,,,,North,,,99669,AK,USA,17-Oct-14,19-Oct-14,17-Oct-14,,,2
